Call Failure,Complains,Subscription Length,Charge Amount,Seconds of Use,Frequency of use,Frequency of SMS,Distinct Called Numbers,Age Group,Tariff Plan,Status,Age,Customer Value,Churn
0,0,29,0,111,362,35,2,1,1,25,1946.43,0,115.71666666666667
6,0,37,2,34,39,20,4,1,1,45,179.85,0,54.333333333333336
5,0,33,1,100,16,22,5,1,1,55,130.95,0,117.16666666666667
0,0,36,0,22,0,6,3,1,1,30,57.8,0,23.716666666666665
6,0,9,0,163,56,34,4,1,1,45,357.775,0,142.46666666666667
0,0,23,0,27,181,7,2,2,1,25,858.465,0,15.833333333333334
14,0,43,1,183,18,51,3,1,1,30,649.64,0,237.63333333333333
2,0,35,0,175,134,25,2,1,1,25,1285.425,0,249.83333333333334
0,0,33,0,12,0,7,2,1,2,25,36.315,0,13.25
11,0,42,1,86,40,32,3,1,1,30,312.64,0,62.166666666666664
21,0,19,2,147,92,44,2,2,1,25,722.025,0,111.63333333333334
5,0,35,0,47,40,20,3,1,2,30,238.28,0,31.833333333333332
13,1,25,0,31,0,9,2,1,2,25,18.945,1,6.5
31,1,39,4,236,62,32,3,1,1,30,891.44,0,264.1666666666667
5,0,11,2,45,213,9,3,1,1,30,1034.0,0,75.08333333333333
8,0,34,1,97,7,20,4,1,1,45,194.3,0,116.25
0,0,33,2,105,246,33,2,2,1,25,1393.2,0,104.25
4,1,27,1,36,193,11,2,2,1,25,929.295,1,21.916666666666668
0,0,33,0,0,0,0,2,1,2,25,0.0,1,0.0
1,0,10,1,35,197,12,3,1,1,30,948.8,0,66.41666666666667
2,0,36,0,163,0,42,3,1,1,30,545.24,0,224.46666666666667
3,0,42,0,16,23,12,3,1,2,30,124.24,0,13.166666666666666
14,0,15,0,172,82,43,4,1,1,45,437.35,0,152.03333333333333
11,0,16,1,141,110,44,2,2,1,25,780.48,0,103.38333333333334
4,0,19,0,24,2,7,2,1,1,25,47.88,0,14.0
16,0,15,2,181,94,55,5,1,1,55,286.71,0,158.88333333333333
6,0,32,1,49,167,19,2,1,1,25,880.83,0,47.083333333333336
13,0,39,2,94,10,25,3,1,1,30,252.76,0,87.08333333333333
0,0,33,0,13,0,3,3,1,1,30,50.44,0,20.8
8,0,36,0,79,27,26,3,1,1,30,259.76,0,61.916666666666664
1,0,28,0,91,6,21,4,1,1,45,186.9,0,113.08333333333333
1,0,30,0,66,10,20,2,1,1,25,192.42,0,53.5
6,0,14,0,160,48,40,4,1,1,45,329.55,0,137.03333333333333
4,0,34,0,49,39,18,3,1,2,30,240.76,0,34.5
5,0,32,0,6,7,2,4,1,2,45,25.275,1,5.083333333333333
0,0,35,0,122,386,44,2,1,1,25,2075.175,0,123.21666666666667
12,0,40,0,78,18,15,3,1,1,30,214.32,0,58.0
5,0,11,2,43,220,12,3,1,1,30,1059.72,0,74.16666666666667
0,0,24,0,32,14,63,4,1,1,45,62.625,0,17.883333333333333
3,1,39,1,3,5,2,2,1,1,25,25.335,1,1.0
11,0,39,0,19,15,4,3,1,2,30,106.68,1,19.133333333333333
0,0,34,0,115,345,37,2,1,1,25,1876.635,0,118.13333333333334
30,0,39,3,225,29,30,3,1,1,30,738.2,0,255.5
2,0,10,2,46,247,14,3,1,1,30,1170.04,0,75.08333333333333
6,0,39,1,130,389,45,3,1,1,30,1863.92,0,126.13333333333334
0,0,36,0,7,0,3,2,1,2,25,9.99,0,3.5833333333333335
0,0,35,0,111,356,26,2,1,1,25,1904.13,0,110.05
4,0,36,0,83,11,31,2,1,1,25,229.095,0,65.13333333333334
13,0,39,2,99,17,30,3,1,1,30,261.28,0,78.88333333333334
21,1,40,8,97,9,46,5,2,1,55,170.805,0,173.16666666666666
15,1,42,0,52,51,37,4,1,2,45,195.125,1,44.21666666666667
5,0,10,0,157,55,33,4,1,1,45,352.625,0,140.8
21,0,23,2,151,100,48,2,2,1,25,756.18,0,110.88333333333334
36,0,41,5,242,69,34,3,2,1,30,931.88,0,269.25
10,0,19,3,53,42,24,3,1,1,30,291.44,0,50.55
16,0,46,2,111,29,20,3,1,1,30,379.76,0,108.05
0,1,3,0,9,0,1,2,1,1,25,55.665,1,20.466666666666665
12,0,40,5,124,288,39,3,2,1,30,1450.96,0,122.5
0,0,31,0,0,0,0,2,1,2,25,0.0,0,0.0
0,0,31,0,5,0,12,3,1,1,30,73.2,0,30.416666666666668
4,0,36,1,25,5,16,3,1,1,30,137.0,0,48.333333333333336
6,0,13,3,37,20,14,3,1,1,30,188.4,0,44.55
8,0,12,3,41,23,15,3,1,1,30,209.56,0,48.3
10,0,34,1,57,172,21,2,1,1,25,911.79,0,50.083333333333336
3,0,23,0,16,0,3,2,1,2,25,15.795,0,5.583333333333333
0,0,37,0,8,32,6,3,1,2,30,138.24,1,4.133333333333334
0,0,34,0,22,0,4,3,1,1,30,65.2,0,26.8
4,0,38,0,156,15,50,3,1,1,30,519.84,0,189.0
5,0,37,0,40,24,7,3,1,2,30,152.4,0,22.833333333333332
5,0,40,0,135,395,48,2,1,1,25,2129.535,0,128.13333333333333
5,0,34,0,6,7,2,3,1,2,30,40.44,1,5.083333333333333
12,0,38,1,154,7,45,3,1,1,30,500.36,0,194.25
1,0,33,1,94,12,22,4,1,1,45,195.85,0,109.0
0,0,39,0,123,387,45,2,1,1,25,2074.77,0,121.38333333333334
12,0,37,1,93,8,26,2,1,1,25,283.77,1,90.21666666666667
8,0,39,0,25,21,8,3,1,2,30,141.8,0,23.666666666666668
14,0,35,1,82,31,29,3,1,1,30,290.48,0,68.0
6,0,34,0,127,383,44,2,1,1,25,2080.8,0,130.21666666666667
9,0,44,2,37,498,14,3,1,1,30,2127.68,0,55.916666666666664
0,0,33,0,66,96,33,2,1,1,25,720.855,0,105.88333333333334
6,1,34,0,41,29,29,3,1,2,30,205.96,1,36.8
18,0,42,2,108,41,30,2,1,1,25,462.87,0,101.3
10,0,40,2,91,14,32,3,1,1,30,222.96,0,68.05
16,1,42,0,53,24,19,3,1,2,30,229.92,1,54.916666666666664
7,0,41,1,158,19,51,4,1,1,45,336.95,0,190.33333333333334
27,0,38,3,226,63,35,3,1,1,30,874.24,0,255.5
5,0,35,1,6,7,2,5,1,1,55,15.165,0,5.083333333333333
9,0,28,0,26,49,20,4,1,2,45,166.4,0,28.833333333333332
0,0,23,0,22,0,66,4,1,1,45,14.375,0,9.216666666666667
0,0,35,0,166,122,13,2,1,1,25,1212.57,0,243.0
1,0,34,1,78,175,21,3,1,1,30,955.92,0,105.33333333333333
28,0,35,3,225,53,33,3,1,1,30,838.8,0,257.4166666666667
6,0,38,0,95,7,12,3,1,1,30,268.52,0,98.63333333333334
1,0,34,0,119,373,38,2,1,1,25,2013.615,0,122.13333333333334
0,0,33,0,5,0,7,2,1,2,25,23.175,0,8.5
5,0,36,0,60,384,26,3,1,1,30,1628.92,0,37.71666666666667
8,0,37,0,174,1,42,3,1,1,30,578.08,0,236.3
8,0,24,1,43,27,66,4,1,1,45,113.4,0,29.883333333333333
8,0,32,0,42,24,27,3,1,2,30,185.2,1,36.46666666666667
6,1,37,0,46,38,34,3,1,2,30,239.56,1,35.71666666666667
21,0,17,3,187,101,57,5,1,1,55,301.875,0,163.96666666666667
6,0,39,2,89,191,28,3,1,1,30,1029.96,0,109.33333333333333
14,0,38,0,182,125,28,2,1,1,25,1276.065,0,261.25
4,0,36,1,91,187,24,3,1,1,30,1027.84,0,115.08333333333333
0,0,33,0,25,267,11,3,1,1,30,1144.0,0,31.25
8,0,33,0,180,140,26,2,1,1,25,1331.325,0,256.75
20,0,40,2,199,165,32,2,1,1,25,1493.955,0,275.0
28,0,40,4,228,59,34,3,1,1,30,853.12,0,253.33333333333334
6,0,38,0,70,0,14,3,1,1,30,170.0,0,69.66666666666667
0,0,23,0,0,0,0,2,1,1,25,0.0,0,0.0
13,0,44,1,81,20,23,3,1,1,30,268.44,0,77.16666666666667
3,0,39,0,33,11,11,3,1,1,30,119.24,0,30.8
7,0,42,1,97,17,16,3,1,1,30,311.8,0,99.96666666666667
6,0,16,3,42,29,19,3,1,1,30,222.0,0,43.46666666666667
0,0,36,1,4,4,2,5,1,1,55,11.13,0,5.633333333333334
0,0,39,0,25,1,5,4,1,1,45,37.2,0,22.716666666666665
0,0,35,1,93,17,24,4,1,1,45,208.825,0,109.33333333333333
0,0,38,0,13,4,5,3,1,2,30,37.32,0,8.666666666666666
0,1,9,0,9,0,3,3,1,1,30,35.88,1,14.8
11,0,26,0,19,0,3,2,1,2,25,27.18,0,9.75
8,0,19,1,37,36,14,2,1,1,25,271.89,0,40.083333333333336
6,0,34,0,42,34,17,3,1,2,30,209.28,0,29.833333333333332
5,0,24,1,59,7,20,3,1,1,30,164.36,0,55.833333333333336
10,0,35,2,104,30,27,5,1,1,55,155.76,0,121.33333333333333
8,0,34,1,67,7,13,3,1,1,30,207.28,0,73.58333333333333
16,0,44,2,92,47,34,3,1,1,30,353.08,0,67.25
7,0,36,0,148,0,43,3,1,1,30,459.92,0,189.16666666666666
0,0,36,0,76,0,20,3,1,1,30,163.84,0,67.0
4,0,40,1,154,12,46,4,1,1,45,312.85,0,186.0
2,0,22,0,30,36,18,2,1,1,25,237.6,0,27.5
17,0,41,2,191,162,34,2,1,1,25,1450.845,0,264.1666666666667
17,0,46,3,99,24,33,4,1,1,45,189.475,0,84.66666666666667
11,0,40,1,101,14,14,3,1,1,30,308.96,0,103.71666666666667
2,0,35,1,19,472,3,3,1,1,30,2005.36,0,48.583333333333336
16,0,35,2,96,22,21,2,1,1,25,370.755,1,99.05
5,0,34,0,10,7,4,3,1,2,30,58.6,0,12.583333333333334
1,0,39,0,9,0,10,3,1,2,30,12.56,0,5.083333333333333
4,0,36,1,27,0,13,3,1,1,30,119.28,0,49.25
6,0,39,1,132,382,42,3,1,1,30,1838.2,0,127.05
8,1,35,1,98,51,26,2,1,1,25,487.17,1,93.8
0,0,13,1,28,0,17,3,1,1,30,74.6,0,30.616666666666667
8,0,34,3,117,280,36,2,2,1,25,1587.24,0,119.25
0,0,35,0,15,444,2,3,1,1,30,1883.6,0,44.583333333333336
0,0,18,0,23,26,14,2,1,1,25,183.285,0,24.166666666666668
13,0,41,2,125,152,47,3,1,1,30,975.8,0,151.16666666666666
0,0,35,0,18,14,24,2,1,2,25,116.46,0,19.5
0,0,30,0,55,0,9,2,1,1,25,173.7,0,63.416666666666664
0,1,34,0,0,0,0,4,1,2,45,0.0,1,0.0
0,0,34,0,0,0,0,3,1,2,30,0.0,1,0.0
5,0,22,0,20,0,7,1,1,1,15,45.375,0,13.416666666666666
0,0,34,0,49,0,29,1,1,1,15,114.235,0,33.8
5,0,37,0,66,26,37,1,1,1,15,367.07,0,66.8
0,0,36,0,23,257,1,3,1,1,30,1087.12,0,24.25
7,0,35,1,90,183,24,3,1,1,30,1004.6,0,112.08333333333333
0,0,30,0,20,0,10,3,1,1,30,111.2,0,46.0
0,0,35,0,78,0,10,2,1,1,25,224.145,0,81.71666666666667
13,0,39,1,180,8,44,3,1,1,30,618.52,0,241.38333333333333
6,0,38,0,40,294,21,3,1,1,30,1279.6,0,42.5
4,0,34,0,82,0,7,2,1,1,25,224.775,1,81.88333333333334
4,0,31,1,40,201,15,2,2,1,25,963.45,0,21.166666666666668
19,1,43,0,57,31,24,3,1,2,30,268.48,1,59.25
23,0,29,0,43,8,13,2,1,2,25,82.935,1,16.666666666666668
11,0,37,0,76,0,24,2,1,1,25,168.12,0,61.0
7,0,41,0,66,2,34,1,1,1,15,228.745,0,64.88333333333334
2,0,34,1,106,250,18,2,2,1,25,1416.195,0,106.08333333333333
2,0,27,1,35,184,8,2,2,1,25,880.2,0,18.75
5,0,37,1,153,2,44,4,1,1,45,290.7,0,187.91666666666666
0,0,21,0,0,3,0,4,1,2,45,7.5,0,0.0
18,0,17,1,142,94,45,2,2,1,25,725.58,0,109.7
3,0,41,1,90,194,30,3,1,1,30,1037.8,0,107.58333333333333
8,0,25,0,31,10,10,2,1,1,25,92.97,0,17.25
6,1,30,1,44,204,16,2,2,1,25,987.255,1,24.916666666666668
0,0,18,0,16,7,6,2,1,1,25,81.495,0,18.25
0,0,4,0,34,207,9,3,1,1,30,1004.96,0,73.16666666666667
9,0,27,1,68,24,28,3,1,1,30,247.52,0,62.0
1,0,9,1,18,0,4,3,1,1,30,52.6,1,21.616666666666667
12,0,19,1,137,88,44,1,2,1,15,830.775,0,102.8
10,0,44,3,98,201,29,4,1,1,45,675.075,0,113.41666666666667
10,0,42,1,141,402,50,3,1,1,30,1933.36,0,133.21666666666667
8,0,38,0,96,16,15,3,1,1,30,312.16,0,101.8
17,0,43,1,80,19,42,1,1,1,15,366.465,0,78.05
5,0,38,0,6,7,2,4,1,2,45,25.275,1,5.083333333333333
11,0,41,0,62,19,22,3,1,2,30,175.2,0,40.3
0,0,33,0,81,0,5,2,1,1,25,248.13,0,90.55
0,0,34,0,12,0,4,3,1,1,30,90.08,0,37.333333333333336
0,0,31,0,39,157,16,2,1,1,25,811.53,0,38.25
9,0,11,2,47,231,15,3,1,1,30,1121.28,0,81.41666666666667
4,0,31,3,108,260,28,2,2,1,25,1480.185,0,113.08333333333333
1,0,31,0,146,0,41,3,1,1,30,449.04,0,184.66666666666666
0,0,34,0,58,76,35,2,1,1,25,601.245,0,95.05
14,0,34,2,55,52,76,5,1,1,55,110.82,0,35.55
9,0,43,1,175,8,45,3,1,1,30,589.92,0,229.55
10,0,21,1,28,11,9,2,1,1,25,107.91,0,21.166666666666668
5,0,5,1,36,207,6,3,1,1,30,1006.84,0,73.91666666666667
11,0,20,3,42,56,31,3,1,1,30,329.68,0,43.333333333333336
26,0,38,9,99,8,44,5,1,1,55,174.585,0,179.0
1,1,43,0,7,17,8,3,1,2,30,84.2,1,6.633333333333334
5,0,38,0,78,7,15,3,1,1,30,168.04,0,57.05
1,0,26,0,56,0,25,3,1,1,30,115.04,0,47.0
18,0,41,2,69,371,28,3,1,1,30,1599.48,0,46.96666666666667
5,0,36,0,60,0,33,1,1,1,15,217.415,0,64.88333333333334
2,0,37,0,8,0,4,2,1,2,25,27.135,0,9.916666666666666
6,0,35,2,102,12,21,5,1,1,55,123.03,0,115.0
6,0,11,2,39,23,18,3,1,1,30,207.64,0,47.53333333333333
15,0,26,0,32,7,11,2,1,1,25,96.615,0,23.583333333333332
6,0,38,1,28,492,11,3,1,1,30,2100.52,0,54.75
0,0,16,0,21,30,15,2,1,1,25,207.045,0,26.333333333333332
5,0,35,0,54,0,29,1,1,1,15,210.76,0,62.96666666666667
7,0,34,1,165,7,40,3,1,1,30,587.32,0,230.3
13,0,27,0,26,19,10,2,1,2,25,126.72,0,14.833333333333334
5,1,37,0,37,12,18,2,1,2,25,180.09,1,46.083333333333336
0,0,17,0,45,0,15,3,1,1,30,108.2,0,44.333333333333336
14,0,43,1,192,165,36,2,1,1,25,1459.665,0,262.4166666666667
5,0,35,1,80,7,25,3,1,1,30,184.92,0,64.05
7,0,28,2,73,47,29,4,1,1,45,210.45,0,60.75
8,0,36,0,58,22,30,3,1,2,30,191.64,0,42.21666666666667
11,0,33,2,51,45,71,5,1,1,55,96.36,0,31.216666666666665
0,0,35,0,80,179,24,3,1,1,30,967.0,0,103.25
17,0,39,1,67,375,29,3,1,1,30,1620.6,0,49.13333333333333
12,0,39,1,187,148,29,2,1,1,25,1376.415,0,260.0
4,0,18,3,41,34,21,3,1,1,30,242.76,0,43.8
7,0,42,0,14,18,7,2,1,2,25,103.455,1,8.083333333333334
10,0,25,0,29,24,20,2,1,2,25,154.08,0,16.583333333333332
9,0,38,0,170,9,47,3,1,1,30,601.32,0,232.71666666666667
0,0,31,1,99,239,31,2,2,1,25,1347.705,0,99.16666666666667
9,0,35,1,51,171,20,2,1,1,25,902.52,0,48.416666666666664
2,0,30,0,170,135,27,2,1,1,25,1298.25,0,253.0
10,0,37,0,60,359,24,3,1,1,30,1536.52,0,40.88333333333333
0,0,30,0,67,0,17,3,1,1,30,160.68,0,65.83333333333333
1,0,36,0,36,280,16,3,1,1,30,1213.44,0,38.333333333333336
24,0,29,4,242,14,93,2,1,1,25,810.54,0,272.8333333333333
0,0,32,1,26,14,27,3,1,1,30,182.44,0,52.25
0,0,36,0,0,0,0,2,1,2,25,0.0,0,0.0
0,0,27,0,87,0,16,4,1,1,45,165.3,0,108.75
7,0,42,1,87,10,29,3,1,1,30,222.28,0,74.5
4,0,31,0,22,0,15,3,1,1,30,126.68,0,52.416666666666664
0,1,24,0,7,16,1,4,1,2,45,59.3,1,12.75
14,0,41,2,75,17,35,2,1,1,25,233.235,0,56.8
9,0,41,2,77,118,41,2,1,1,25,840.375,0,113.3
9,0,12,0,127,67,35,1,2,1,15,700.425,0,98.46666666666667
0,0,38,0,0,4,0,2,1,2,25,18.0,1,0.0
6,0,32,0,44,37,21,3,1,2,30,228.56,0,32.833333333333336
0,0,29,0,70,0,25,2,1,1,25,156.735,0,56.88333333333333
22,0,34,3,238,1,79,2,1,1,25,724.86,0,262.8333333333333
1,0,41,0,2,10,4,2,1,2,25,48.69,1,1.3333333333333333
11,1,36,0,47,36,31,3,1,2,30,246.4,1,41.88333333333333
11,0,39,0,95,7,10,2,1,1,25,310.635,0,101.8
12,0,40,2,89,9,27,3,1,1,30,232.36,0,80.33333333333333
24,0,40,4,138,159,45,3,1,1,30,1046.72,0,168.83333333333334
0,0,32,0,0,0,0,4,1,1,45,0.0,0,0.0
5,0,33,0,6,7,2,2,1,2,25,45.495,1,5.083333333333333
11,0,37,1,69,7,14,3,1,1,30,210.56,0,74.91666666666667
0,0,18,0,49,0,20,3,1,1,30,118.76,0,48.666666666666664
0,0,30,0,115,369,40,2,1,1,25,1989.81,0,120.05
8,0,41,2,156,21,51,4,1,1,45,345.025,0,192.41666666666666
3,0,33,1,97,14,22,5,1,1,55,124.23,0,113.08333333333333
11,0,40,0,31,15,13,2,1,2,25,153.945,0,31.5
5,0,30,2,114,261,29,2,2,1,25,1489.455,0,114.75
6,0,34,0,81,0,21,3,1,1,30,180.64,0,73.91666666666667
0,0,36,0,72,0,13,2,1,1,25,143.55,0,51.96666666666667
0,0,17,0,16,0,5,2,1,1,25,30.42,0,11.0
11,0,16,0,166,55,42,5,1,1,55,212.895,0,142.11666666666667
10,0,37,1,76,117,40,2,1,1,25,840.78,0,115.13333333333334
5,0,34,0,93,0,8,2,1,1,25,266.895,0,97.3
0,0,37,0,4,0,1,2,1,2,25,12.555,0,4.583333333333333
0,1,36,0,0,0,0,2,1,2,25,0.0,1,0.0
6,1,32,2,42,201,12,3,2,1,30,858.28,1,21.916666666666668
8,0,25,0,29,17,13,2,1,1,25,121.905,0,16.333333333333332
12,1,34,0,39,7,13,3,1,2,30,154.16,1,51.916666666666664
2,0,37,0,169,25,46,3,1,1,30,650.08,0,226.38333333333333
5,0,38,1,85,7,30,3,1,1,30,182.52,0,62.96666666666667
0,0,24,0,0,0,0,4,1,2,45,0.0,0,0.0
10,0,34,1,154,10,48,3,1,1,30,516.96,0,196.16666666666666
2,0,19,1,32,60,18,3,1,1,30,313.68,0,30.166666666666668
11,0,43,2,41,501,15,3,1,1,30,2148.84,0,59.666666666666664
6,0,37,1,47,43,22,3,1,1,30,242.88,0,28.75
0,0,32,0,27,6,18,3,1,2,30,51.08,0,10.833333333333334
14,0,44,3,166,26,50,4,1,1,45,363.4,0,196.16666666666666
0,0,3,0,24,193,2,2,1,1,25,1041.705,0,63.75
7,0,33,0,73,98,33,2,1,1,25,742.995,0,110.63333333333334
13,0,37,1,64,7,32,1,1,1,15,279.785,0,72.05
20,0,31,0,44,11,15,2,1,2,25,91.755,1,14.916666666666666
6,0,39,2,37,39,12,4,1,1,45,150.625,0,34.8
1,0,33,0,173,138,26,2,1,1,25,1309.185,0,252.0
0,0,22,0,30,18,64,4,1,1,45,75.825,0,20.05
0,0,34,0,33,13,20,3,1,2,30,91.52,0,15.916666666666666
0,0,31,0,15,468,5,3,1,1,30,1984.2,0,46.5
18,0,40,0,70,36,34,3,1,2,30,272.52,0,52.38333333333333
27,0,31,3,241,7,80,2,1,1,25,776.745,0,272.0
10,0,35,1,118,139,41,3,1,1,30,922.92,0,150.91666666666666
21,0,33,3,234,3,82,2,1,1,25,737.28,0,264.1666666666667
0,0,37,0,4,4,5,3,1,2,30,16.48,1,0.13333333333333333
12,0,42,3,36,495,12,4,1,1,45,1324.9,0,57.666666666666664
8,0,39,0,150,7,34,4,1,1,45,300.5,0,186.16666666666666
11,0,36,1,97,17,21,2,1,1,25,334.125,1,93.8
9,0,37,0,50,66,35,4,1,2,45,225.825,1,39.71666666666667
19,0,20,1,185,91,47,5,1,1,55,280.545,0,156.96666666666667
21,0,32,8,89,7,38,5,1,1,55,169.035,0,174.66666666666666
7,0,13,0,165,66,38,4,1,1,45,384.8,0,143.78333333333333
27,0,36,4,244,8,81,2,1,1,25,770.355,0,267.9166666666667
4,0,33,0,89,0,11,2,1,1,25,270.315,0,98.63333333333334
4,0,27,1,36,193,11,2,2,1,25,929.295,0,21.916666666666668
21,0,36,8,93,1,42,5,1,1,55,159.42,0,173.91666666666666
13,1,35,0,92,0,20,2,1,1,25,260.775,1,95.05
4,0,34,0,170,111,24,2,1,1,25,1185.075,0,251.08333333333334
7,0,38,0,51,6,17,3,1,1,30,105.76,0,33.21666666666667
7,0,28,0,17,37,8,4,1,2,45,125.925,0,22.0
0,0,33,0,17,0,1,3,1,1,30,60.2,0,24.8
9,0,27,0,24,1,4,2,1,2,25,28.53,0,8.5
3,0,38,1,5,5,4,3,1,1,30,27.92,1,3.216666666666667
9,0,35,0,95,6,13,2,1,1,25,311.31,0,103.71666666666667
11,0,32,1,115,136,42,3,1,1,30,913.2,0,151.91666666666666
10,0,37,0,37,7,3,3,1,2,30,137.28,1,44.916666666666664
4,0,36,0,52,166,20,2,1,1,25,865.89,0,43.166666666666664
25,0,31,3,238,0,80,2,2,1,25,734.085,0,267.9166666666667
10,0,15,0,170,64,37,4,1,1,45,382.8,0,145.7
5,0,40,0,50,11,19,3,1,2,30,126.52,0,33.55
11,0,35,0,44,11,16,3,1,2,30,175.16,1,53.916666666666664
0,0,32,0,48,0,27,1,1,1,15,119.955,0,35.55
0,0,3,0,28,200,7,2,1,1,25,1085.085,0,68.08333333333333
3,0,37,3,116,272,32,2,2,1,25,1528.92,0,111.0
0,0,31,0,27,270,15,3,1,1,30,1163.28,0,34.25
0,1,7,0,14,2,8,2,1,1,25,71.37,1,22.866666666666667
15,0,23,5,57,46,22,4,1,1,45,195.35,0,52.61666666666667
0,0,36,0,8,0,7,2,1,2,25,34.56,0,12.666666666666666
20,0,42,3,135,162,50,3,1,1,30,1037.4,0,160.0
2,0,42,0,13,18,9,2,1,2,25,103.995,0,8.3
6,0,35,2,100,19,24,5,1,1,55,132.675,0,114.08333333333333
0,0,34,0,0,0,0,2,1,2,25,0.0,0,0.0
2,0,41,2,10,12,3,5,1,1,55,23.22,0,5.633333333333334
6,1,8,2,17,7,4,3,1,1,30,93.2,1,26.883333333333333
30,0,38,1,109,29,59,5,1,1,55,215.235,0,189.0
7,0,34,0,174,139,25,2,1,1,25,1322.055,0,255.08333333333334
32,0,33,4,245,16,85,2,2,1,25,828.675,0,276.1666666666667
29,0,36,3,229,51,30,3,1,1,30,827.76,0,256.0833333333333
0,0,3,0,7,0,4,2,1,1,25,53.505,1,19.7
2,0,31,0,30,16,24,3,1,2,30,136.52,1,29.716666666666665
16,0,35,8,93,26,44,5,2,1,55,194.07,0,170.75
5,1,38,0,6,7,2,3,1,2,30,40.44,1,5.083333333333333
13,0,36,1,58,355,21,3,1,1,30,1525.44,0,42.96666666666667
9,0,41,2,51,324,24,4,1,1,45,880.775,0,46.333333333333336
7,0,12,0,159,34,34,4,1,1,45,301.8,0,141.88333333333333
8,0,44,1,68,17,39,2,1,1,25,198.945,0,44.21666666666667
0,0,35,0,7,34,6,4,1,2,45,96.125,1,7.3
14,1,17,1,138,83,42,1,2,1,15,802.23,0,102.46666666666667
5,0,32,1,6,7,2,5,1,1,55,15.165,1,5.083333333333333
8,0,39,4,122,279,34,3,2,1,30,1399.48,0,116.08333333333333
6,0,34,1,91,7,8,3,1,1,30,270.16,0,99.38333333333334
20,0,29,0,41,38,24,3,1,2,30,217.84,0,26.75
2,0,29,0,32,19,28,3,1,2,30,155.8,1,32.71666666666667
19,0,37,2,109,34,24,2,1,1,25,451.665,0,108.8
0,1,30,0,0,0,0,2,1,2,25,0.0,1,0.0
2,0,29,0,18,32,8,4,1,2,45,105.575,0,16.75
29,1,40,10,102,13,46,5,2,1,55,183.03,0,180.0
2,0,31,0,144,0,41,3,1,1,30,453.96,0,186.75
4,0,28,0,69,19,28,3,1,1,30,214.96,0,56.75
10,0,40,2,88,0,24,3,1,1,30,188.72,0,77.16666666666667
2,0,35,2,90,200,39,3,1,1,30,1075.4,0,113.25
9,0,38,1,172,7,44,3,1,1,30,595.6,0,233.63333333333333
16,0,42,1,196,168,37,2,1,1,25,1483.47,0,266.1666666666667
12,0,35,0,42,30,28,4,1,2,45,135.875,1,39.88333333333333
5,0,22,1,35,22,64,4,1,1,45,96.2,0,26.883333333333333
2,0,37,0,15,9,14,2,1,2,25,89.1,0,17.75
9,0,15,0,134,69,37,1,2,1,15,711.205,0,98.28333333333333
8,0,41,1,79,116,41,2,1,1,25,825.84,0,111.21666666666667
1,0,37,0,95,32,14,3,1,1,30,360.92,0,95.46666666666667
7,0,36,1,62,7,31,2,1,1,25,152.1,0,43.63333333333333
4,0,36,0,12,21,17,3,1,2,30,113.8,1,12.216666666666667
5,0,33,0,10,7,7,2,1,2,25,73.35,0,15.333333333333334
13,0,35,0,66,0,36,1,1,1,15,251.295,0,75.05
6,0,30,0,109,129,40,3,1,1,30,872.76,0,146.83333333333334
33,0,42,5,234,66,36,3,2,1,30,893.56,0,258.4166666666667
0,0,35,0,66,0,23,3,1,1,30,142.64,0,58.333333333333336
12,0,15,0,171,73,40,4,1,1,45,410.1,0,148.88333333333333
10,0,34,0,95,21,22,2,1,1,25,357.885,1,95.96666666666667
28,1,39,0,57,31,23,3,1,2,30,174.88,1,20.25
3,0,34,0,50,170,21,2,1,1,25,889.65,0,45.333333333333336
5,0,34,1,35,277,14,3,1,1,30,1205.6,0,40.083333333333336
5,0,32,1,6,7,2,3,1,1,30,40.44,0,5.083333333333333
5,0,39,0,20,7,13,2,1,2,25,85.5,0,19.666666666666668
20,0,25,2,228,0,74,2,1,1,25,721.935,0,263.5833333333333
0,1,30,0,0,0,0,5,1,1,55,0.0,1,0.0
11,0,38,2,179,21,59,3,1,1,30,666.08,0,239.55
5,0,38,0,8,7,4,3,1,2,30,45.84,1,7.3
29,0,31,5,248,21,95,2,1,1,25,856.035,0,277.9166666666667
2,0,10,1,37,14,13,3,1,1,30,156.2,0,41.13333333333333
3,0,37,0,127,384,43,2,1,1,25,2071.575,0,125.13333333333334
0,0,27,1,104,256,30,2,2,1,25,1456.38,0,111.0
4,0,31,0,47,167,22,2,1,1,25,878.715,0,46.333333333333336
19,0,31,2,34,22,11,3,1,1,30,131.96,0,17.75
3,0,39,0,34,267,20,3,1,1,30,1147.56,0,32.583333333333336
0,0,34,0,19,0,14,3,1,1,30,104.56,0,43.25
8,0,10,2,51,223,10,3,1,1,30,1098.04,0,85.0
16,1,40,0,55,27,23,3,1,2,30,249.2,1,57.916666666666664
14,0,15,1,174,75,40,5,1,1,55,252.78,0,152.96666666666667
3,0,34,0,14,0,12,2,1,2,25,53.73,0,19.666666666666668
11,0,38,1,82,32,28,3,1,1,30,282.28,0,62.916666666666664
21,0,28,2,49,34,15,2,1,1,25,256.005,0,37.333333333333336
15,0,38,1,193,158,30,2,1,1,25,1448.46,0,269.9166666666667
9,1,36,4,119,276,35,3,2,1,30,1389.76,0,117.08333333333333
0,0,14,0,29,3,2,3,1,1,30,91.08,0,32.46666666666667
10,0,38,1,74,7,17,3,1,1,30,215.56,0,76.91666666666667
6,0,41,0,54,9,16,3,1,2,30,115.48,0,32.21666666666667
6,0,37,1,74,99,34,2,1,1,25,742.59,0,108.8
10,0,14,2,33,18,14,3,1,1,30,152.24,1,32.88333333333333
0,0,34,0,46,159,18,2,1,1,25,820.395,0,38.083333333333336
1,0,33,3,116,296,35,2,2,1,25,1642.095,0,112.91666666666667
34,0,33,6,254,28,97,2,2,1,25,901.53,0,283.0
15,0,36,1,86,29,26,3,1,1,30,279.44,0,66.66666666666667
18,0,39,3,198,178,47,2,1,1,25,1547.46,0,273.1666666666667
7,0,39,0,68,5,38,1,1,1,15,255.255,0,67.88333333333334
3,0,36,0,5,6,5,2,1,2,25,55.26,0,10.383333333333333
24,0,35,0,43,7,4,3,1,2,30,56.12,1,11.0
7,0,37,0,181,141,27,2,1,1,25,1330.92,0,254.91666666666666
28,1,34,0,47,7,15,2,1,2,25,85.14,1,19.083333333333332
1,0,37,0,126,375,40,2,1,1,25,2022.48,0,121.96666666666667
7,0,35,1,33,8,14,3,1,1,30,175.32,0,59.166666666666664
5,0,15,0,26,27,15,2,1,1,25,212.67,0,33.333333333333336
0,0,37,0,14,0,11,2,1,2,25,40.005,0,14.583333333333334
18,0,24,1,226,0,77,2,1,1,25,719.82,0,262.8333333333333
8,0,40,1,64,9,35,2,1,1,25,164.79,0,44.96666666666667
0,0,21,0,28,176,5,2,2,1,25,835.11,0,15.5
9,0,38,0,55,341,26,3,1,1,30,1448.12,0,34.13333333333333
13,0,38,1,83,41,31,3,1,1,30,325.92,0,66.08333333333333
13,0,38,0,64,29,32,3,1,2,30,232.08,0,47.3
15,0,41,3,163,23,51,4,1,1,45,357.325,0,197.16666666666666
0,0,35,0,82,27,30,3,1,1,30,252.4,0,58.8
5,0,11,1,36,201,25,3,1,1,30,969.24,0,68.25
9,0,39,0,61,0,37,1,1,1,15,211.97,0,63.21666666666667
16,0,26,0,35,1,14,2,1,2,25,35.325,1,10.833333333333334
5,0,27,1,66,6,22,3,1,1,30,160.24,0,55.666666666666664
2,0,35,0,76,0,24,2,1,1,25,165.555,0,60.05
14,0,40,2,144,399,45,3,1,1,30,1942.68,0,142.05
19,0,37,2,214,29,32,3,1,1,30,701.76,0,240.5
1,0,4,0,13,0,6,2,1,1,25,67.5,1,24.783333333333335
5,0,36,1,99,21,25,2,1,1,25,378.54,0,103.55
9,0,28,1,45,37,70,5,1,1,55,84.27,0,31.216666666666665
0,0,25,0,29,177,6,2,2,1,25,834.705,0,13.666666666666666
5,0,37,1,130,386,43,3,1,1,30,1859.32,0,129.21666666666667
12,0,34,0,182,149,31,2,1,1,25,1389.24,0,263.1666666666667
5,0,34,0,6,7,2,4,1,2,45,25.275,1,5.083333333333333
5,0,24,0,6,18,2,4,1,2,45,52.775,0,5.083333333333333
0,0,34,0,79,0,26,2,1,1,25,168.165,0,60.96666666666667
6,0,38,1,31,7,8,4,1,1,45,67.6,0,32.88333333333333
0,0,35,0,0,0,0,2,1,2,25,0.0,1,0.0
3,0,38,0,7,0,1,3,1,2,30,10.2,1,4.133333333333334
7,0,40,2,30,17,20,3,1,1,30,198.2,0,53.75
16,0,29,0,31,17,9,3,1,2,30,109.44,0,16.75
24,0,21,3,150,97,46,2,2,1,25,747.36,0,112.63333333333334
6,0,39,1,78,0,27,3,1,1,30,167.52,0,68.5
15,0,30,6,85,0,36,4,1,1,45,253.375,0,167.5
14,0,29,0,30,8,6,3,1,2,30,65.8,0,13.583333333333334
5,0,35,0,18,7,9,2,1,2,25,81.81,0,18.333333333333332
30,1,40,0,59,31,20,3,1,2,30,176.76,1,21.0
25,1,36,0,55,27,22,2,1,2,25,175.05,1,18.916666666666668
5,0,36,0,10,11,4,4,1,2,45,49.575,1,14.55
0,0,37,0,27,4,9,3,1,1,30,78.8,0,25.716666666666665
1,0,32,0,80,178,25,3,1,1,30,975.2,0,108.33333333333333
9,0,39,1,69,10,33,2,1,1,25,187.74,0,51.71666666666667
7,0,11,2,46,222,12,3,1,1,30,1077.64,0,78.25
7,0,39,0,14,7,6,2,1,2,25,72.63,0,15.0
9,0,44,2,66,19,39,2,1,1,25,213.48,0,46.3
2,0,23,0,31,19,63,4,1,1,45,82.975,0,23.133333333333333
3,0,38,0,73,0,10,3,1,1,30,159.52,0,65.25
12,0,40,1,175,7,46,3,1,1,30,598.12,0,234.63333333333333
6,0,16,1,30,25,12,2,1,1,25,200.25,0,32.0
19,0,19,2,144,90,44,2,2,1,25,701.865,0,107.55
11,0,39,3,21,19,4,5,1,1,55,49.11,0,22.55
13,0,20,1,141,86,41,2,2,1,25,667.26,0,101.45
12,0,42,2,48,297,22,4,1,1,45,811.825,0,45.416666666666664
1,0,39,0,41,289,21,3,1,1,30,1247.04,0,37.25
6,0,9,0,125,63,34,1,2,1,15,673.915,0,97.13333333333334
6,0,40,1,32,15,20,3,1,1,30,185.28,0,51.666666666666664
9,0,33,0,76,24,27,2,1,1,25,281.295,0,62.916666666666664
7,0,40,2,30,488,10,3,1,1,30,2079.4,0,52.583333333333336
7,0,38,1,83,2,25,3,1,1,30,191.92,0,75.25
0,0,35,0,41,0,31,1,1,1,15,78.045,0,22.966666666666665
2,0,36,1,62,16,46,1,1,1,15,239.25,0,44.8
14,0,43,2,97,20,32,3,1,1,30,283.88,0,83.33333333333333
4,0,38,0,39,285,18,3,1,1,30,1235.96,0,39.333333333333336
13,0,19,1,173,83,44,5,1,1,55,262.29,0,150.21666666666667
0,0,24,0,14,35,16,4,1,2,45,115.85,0,18.666666666666668
0,0,39,1,4,5,1,5,1,1,55,8.055,0,0.55
5,0,34,1,57,189,36,2,1,1,25,991.44,0,51.25
12,0,30,1,38,27,14,2,1,1,25,178.335,0,20.416666666666668
3,0,37,0,55,179,26,2,1,1,25,927.45,0,44.25
10,0,10,0,165,65,39,4,1,1,45,389.925,0,148.86666666666667
8,0,37,0,59,350,21,3,1,1,30,1492.88,0,37.71666666666667
0,0,36,1,0,0,0,5,1,1,55,0.0,0,0.0
0,0,32,0,6,0,2,2,1,2,25,14.895,0,5.416666666666667
0,0,33,0,27,2,29,3,1,2,30,59.2,1,20.883333333333333
5,0,36,1,28,7,6,4,1,1,45,66.025,0,31.883333333333333
3,0,35,0,69,101,35,2,1,1,25,746.19,0,106.88333333333334
1,0,36,0,25,0,6,3,1,1,30,67.72,0,27.8
4,0,26,0,30,161,7,2,2,1,25,779.85,0,20.0
8,0,39,0,84,36,31,2,1,1,25,330.03,0,60.833333333333336
13,0,45,3,102,208,34,4,1,1,45,699.175,0,117.75
5,0,35,0,54,352,22,2,1,1,25,1683.09,0,35.8
7,1,38,4,118,281,37,2,2,1,25,1586.835,0,117.41666666666667
10,0,41,0,79,16,22,3,1,1,30,249.16,0,75.83333333333333
2,0,34,0,57,0,31,2,1,1,25,175.05,0,63.88333333333333
25,0,30,2,232,0,76,2,1,1,25,728.64,0,266.0
28,0,28,3,238,0,81,2,1,1,25,747.81,0,273.0
23,0,26,2,232,0,79,2,1,1,25,733.815,0,267.9166666666667
7,0,42,2,33,17,12,4,1,1,45,94.65,0,34.21666666666667
6,0,35,1,114,128,38,3,1,1,30,861.36,0,143.66666666666666
0,0,39,0,0,1,0,3,1,2,30,4.0,1,0.0
0,1,7,0,13,0,5,2,1,2,25,53.82,1,19.716666666666665
6,0,43,0,8,17,6,2,1,2,25,94.185,1,6.416666666666667
14,0,35,1,208,22,30,2,1,1,25,743.985,0,235.41666666666666
24,0,35,9,91,7,39,5,1,1,55,170.265,0,176.0
0,0,34,0,21,0,11,3,1,1,30,106.84,0,44.166666666666664
6,0,35,2,158,25,60,3,1,1,30,576.72,0,196.0
7,0,37,0,100,8,10,2,1,1,25,325.035,0,105.38333333333334
8,0,38,1,86,161,24,3,1,1,30,915.04,0,111.5
17,0,34,1,216,42,28,2,1,1,25,863.595,0,246.25
29,1,39,0,55,33,23,3,1,2,30,187.8,1,22.333333333333332
0,0,20,0,29,15,62,4,1,1,45,70.925,0,21.8
0,0,34,0,0,0,0,3,1,1,30,0.0,0,0.0
0,0,38,0,0,0,0,2,1,2,25,0.0,1,0.0
6,0,26,1,42,32,68,4,1,1,45,126.375,0,30.216666666666665
0,0,13,0,20,20,13,2,1,1,25,167.175,0,28.25
13,0,33,2,117,136,39,3,1,1,30,915.08,0,152.66666666666666
0,0,36,0,116,359,43,2,1,1,25,1926.63,0,113.3
10,1,35,0,49,35,29,3,1,2,30,248.88,1,44.55
2,0,44,0,11,15,5,3,1,2,30,73.16,0,5.3
2,0,34,0,142,0,41,3,1,1,30,447.48,0,184.08333333333334
3,0,28,1,13,26,5,4,1,1,45,87.45,0,14.75
2,0,42,0,18,21,12,3,1,2,30,111.32,0,11.083333333333334
12,0,39,1,106,15,12,3,1,1,30,329.36,0,110.46666666666667
0,0,28,0,32,23,17,3,1,2,30,147.68,0,22.666666666666668
0,0,36,0,6,0,1,4,1,2,45,11.1,1,7.3
8,0,38,0,71,5,17,3,1,1,30,197.64,0,72.83333333333333
15,0,43,1,85,23,24,3,1,1,30,289.6,0,80.91666666666667
13,0,36,1,98,26,24,2,1,1,25,383.22,1,96.96666666666667
14,1,41,0,66,47,23,4,1,2,45,185.6,0,44.3
9,0,39,0,30,28,28,2,1,2,25,207.45,0,29.666666666666668
0,0,26,0,10,21,3,4,1,2,45,73.375,0,13.75
13,0,43,2,88,40,29,3,1,1,30,314.52,0,62.916666666666664
5,0,35,0,6,7,2,4,1,2,45,25.275,1,5.083333333333333
2,0,35,0,30,1,4,3,1,1,30,88.12,0,34.55
1,0,35,0,44,331,7,2,1,1,25,1561.14,0,25.8
15,0,42,2,178,12,48,3,1,1,30,620.64,0,235.63333333333333
12,0,25,1,35,21,13,2,1,1,25,162.225,0,24.5
0,0,7,0,0,0,0,2,1,1,25,0.0,1,0.0
12,0,44,2,103,24,18,3,1,1,30,352.24,0,105.05
17,0,40,2,53,46,35,4,1,1,45,182.15,1,43.88333333333333
6,0,42,3,12,21,8,5,1,1,55,42.525,0,12.05
1,0,33,0,52,0,32,1,1,1,15,134.475,0,39.88333333333333
0,0,39,0,7,10,3,4,1,2,45,33.25,1,5.383333333333334
0,0,34,0,2,0,5,2,1,2,25,20.565,0,7.583333333333333
14,0,36,2,126,145,41,3,1,1,30,965.84,0,158.66666666666666
16,0,43,2,68,376,30,3,1,1,30,1620.24,0,47.3
26,0,42,4,227,64,36,3,2,1,30,873.88,0,253.66666666666666
0,0,32,0,16,0,12,3,1,1,30,102.04,0,42.25
0,0,34,0,137,0,45,3,1,1,30,423.48,0,174.16666666666666
5,0,19,0,22,4,7,2,1,1,25,62.415,0,16.083333333333332
30,1,37,4,248,15,86,2,1,1,25,813.735,0,272.25
13,0,41,0,31,28,10,3,1,2,30,182.24,0,28.75
2,0,28,0,29,0,13,2,1,2,25,122.13,1,44.75
10,0,27,1,50,38,68,4,1,1,45,153.2,0,37.96666666666667
13,0,40,3,87,147,43,3,1,1,30,877.0,0,118.96666666666667
7,0,35,1,27,482,9,3,1,1,30,2065.08,0,56.666666666666664
0,0,7,0,34,208,8,3,1,1,30,996.76,0,68.08333333333333
1,0,25,0,15,22,1,4,1,2,45,86.125,0,20.5
2,0,26,0,38,21,65,4,1,1,45,87.9,0,22.966666666666665
0,0,40,0,35,288,20,3,1,1,30,1238.8,0,35.583333333333336
18,0,31,0,41,9,15,2,1,2,25,71.595,1,10.833333333333334
16,0,28,0,25,7,5,2,1,2,25,72.675,0,14.833333333333334
0,0,37,0,14,0,11,2,1,2,25,40.005,1,14.583333333333334
0,0,37,0,117,363,28,2,1,1,25,1949.625,0,115.13333333333334
1,0,37,0,158,0,44,3,1,1,30,528.84,0,217.71666666666667
0,0,25,0,60,0,20,3,1,1,30,123.8,0,50.583333333333336
0,0,39,0,2,5,4,2,1,1,25,25.875,0,1.2166666666666666
0,0,23,0,0,0,0,4,1,2,45,0.0,0,0.0
18,0,22,2,147,93,43,2,2,1,25,712.755,0,106.53333333333333
7,0,15,0,125,57,25,1,2,1,15,622.215,0,91.46666666666667
0,0,23,0,58,3,21,3,1,1,30,140.92,0,52.75
2,0,38,0,49,178,25,2,1,1,25,918.18,0,42.583333333333336
25,0,34,8,97,7,40,5,1,1,55,171.855,0,177.66666666666666
0,0,41,0,0,8,0,2,1,2,25,36.0,1,0.0
8,0,26,2,49,51,83,4,1,1,45,182.925,0,36.13333333333333
4,0,35,0,151,6,45,3,1,1,30,486.24,0,190.08333333333334
11,0,15,4,43,27,16,3,1,1,30,228.84,0,49.63333333333333
3,0,34,0,25,473,4,3,1,1,30,2013.6,0,50.25
9,0,22,0,19,2,6,2,1,2,25,41.355,0,11.666666666666666
10,0,38,0,72,14,20,3,1,1,30,241.28,0,76.0
23,0,38,3,224,45,29,3,1,1,30,786.96,0,249.16666666666666
6,0,27,0,21,29,3,4,1,2,45,111.4,0,25.583333333333332
5,0,38,1,21,7,2,4,1,1,45,52.35,0,22.883333333333333
11,0,34,2,113,133,38,3,1,1,30,893.92,0,148.91666666666666
9,0,41,1,96,20,35,3,1,1,30,251.96,0,70.05
5,0,38,0,40,37,33,3,1,2,30,231.32,1,34.05
0,0,25,0,20,165,8,2,2,1,25,829.035,0,31.716666666666665
9,1,35,0,41,9,16,3,1,2,30,157.24,1,49.833333333333336
5,1,9,1,22,7,7,3,1,1,30,98.2,1,28.883333333333333
13,0,14,0,176,74,38,4,1,1,45,422.825,0,155.61666666666667
12,0,33,0,44,33,32,3,1,2,30,236.68,1,42.88333333333333
2,0,37,0,60,0,17,2,1,1,25,167.4,0,61.0
22,0,34,0,42,0,19,3,1,2,30,23.68,1,9.166666666666666
14,0,29,1,28,15,9,3,1,1,30,91.52,0,12.666666666666666
0,0,30,0,142,0,44,3,1,1,30,452.08,0,186.0
4,0,41,0,22,24,13,3,1,2,30,132.48,0,14.833333333333334
18,0,29,0,32,26,12,3,1,2,30,153.08,0,19.916666666666668
5,0,35,0,6,7,2,2,1,2,25,45.495,1,5.083333333333333
11,0,27,3,77,36,40,3,1,1,30,312.28,0,68.83333333333333
0,0,31,0,19,0,5,3,1,1,30,67.48,0,27.8
19,0,22,2,183,88,43,5,1,1,55,273.3,0,153.95
11,0,13,1,175,87,53,4,1,1,45,452.575,0,153.8
1,1,31,0,32,0,12,2,1,2,25,119.565,1,43.75
0,0,22,0,49,0,17,3,1,1,30,114.16,0,46.75
5,0,42,2,14,19,8,5,1,1,55,37.68,0,9.966666666666667
0,0,31,0,78,169,20,3,1,1,30,923.72,0,101.91666666666667
20,1,34,0,49,20,20,2,1,2,25,129.555,1,13.833333333333334
0,0,34,0,74,147,20,3,1,1,30,834.16,0,101.33333333333333
5,0,35,0,161,0,39,3,1,1,30,550.16,0,226.55
24,1,32,3,233,0,82,2,1,1,25,715.635,0,261.1666666666667
18,1,31,0,41,9,15,2,1,2,25,71.595,1,10.833333333333334
0,0,24,0,33,23,66,4,1,1,45,89.9,0,21.05
7,0,15,2,50,230,16,3,1,1,30,1108.0,0,77.5
2,0,34,1,92,0,24,5,1,1,55,97.08,0,106.33333333333333
0,0,34,0,4,4,2,4,1,2,45,24.3,1,9.466666666666667
3,0,41,1,31,8,7,4,1,1,45,62.475,0,27.8
14,0,36,0,41,7,14,3,1,2,30,156.84,1,53.0
0,0,30,0,72,0,22,2,1,1,25,158.85,0,57.63333333333333
0,0,35,0,81,188,27,3,1,1,30,1010.64,0,106.41666666666667
0,0,36,0,75,161,26,3,1,1,30,878.6,0,96.5
10,0,37,0,51,54,25,3,1,2,30,304.44,0,36.0
0,0,31,0,81,0,5,4,1,1,45,149.025,0,98.0
3,0,36,0,59,0,30,2,1,1,25,169.29,0,61.71666666666667
5,0,30,1,41,40,72,4,1,1,45,142.225,0,27.466666666666665
11,0,38,1,59,182,25,2,1,1,25,960.48,0,51.416666666666664
0,0,35,0,1,0,3,4,1,2,45,12.85,1,8.55
7,0,37,2,25,479,5,3,1,1,30,2045.8,0,53.666666666666664
10,0,44,3,20,26,10,5,1,1,55,52.845,0,15.05
6,1,36,0,49,10,18,3,1,2,30,126.88,0,35.38333333333333
8,0,43,2,96,201,32,3,1,1,30,1078.24,0,112.66666666666667
17,0,35,2,125,141,41,3,1,1,30,942.6,0,155.66666666666666
21,1,28,0,41,8,16,2,1,2,25,80.82,1,15.916666666666666
2,0,38,1,24,10,18,3,1,1,30,157.76,0,48.666666666666664
3,0,20,0,18,1,6,2,1,1,25,38.61,0,12.333333333333334
8,0,33,0,45,23,29,2,1,2,25,253.35,1,54.75
12,0,34,5,77,0,25,4,1,1,45,240.175,0,158.83333333333334
6,0,37,1,56,7,30,2,1,1,25,147.33,0,41.96666666666667
10,0,34,0,80,22,24,3,1,1,30,239.0,0,61.583333333333336
9,1,32,0,40,26,27,3,1,2,30,198.12,1,38.55
16,0,21,1,145,93,46,2,2,1,25,710.685,0,105.8
23,0,33,0,47,16,17,2,1,2,25,117.09,1,15.916666666666666
0,0,30,0,153,0,36,3,1,1,30,534.44,0,220.13333333333333
13,0,34,0,60,358,25,2,1,1,25,1737.81,0,45.96666666666667
17,0,28,0,36,18,7,3,1,2,30,129.84,0,23.5
15,0,28,2,44,58,19,2,1,1,25,337.005,0,27.416666666666668
28,0,43,10,105,16,45,5,2,1,55,186.675,0,179.0
0,0,29,0,34,23,14,3,1,2,30,149.56,0,23.416666666666668
6,0,36,2,87,16,38,3,1,1,30,259.88,0,80.16666666666667
16,0,18,2,147,117,46,2,2,1,25,825.975,0,108.46666666666667
18,0,30,0,35,0,11,2,1,2,25,25.65,1,8.916666666666666
9,0,40,1,162,22,52,4,1,1,45,350.175,0,194.08333333333334
17,0,38,8,89,4,44,4,2,1,45,267.475,0,170.16666666666666
0,0,24,0,5,23,4,4,1,2,45,75.375,0,11.833333333333334
1,0,38,0,57,0,30,1,1,1,15,124.3,0,36.71666666666667
5,0,37,0,48,157,25,2,1,1,25,815.535,0,39.583333333333336
18,0,36,2,218,38,27,3,1,1,30,746.52,0,244.08333333333334
6,0,21,0,15,0,1,2,1,2,25,20.475,0,7.333333333333333
6,0,34,1,67,97,32,2,1,1,25,733.725,0,108.96666666666667
9,0,23,1,40,46,21,3,1,1,30,272.8,0,36.333333333333336
0,0,33,0,69,0,18,3,1,1,30,163.96,0,67.16666666666667
8,0,43,1,101,15,13,3,1,1,30,300.76,0,98.63333333333334
10,0,39,1,72,33,39,1,1,1,15,422.675,0,71.88333333333334
17,0,27,1,229,0,76,2,1,1,25,717.255,0,261.8333333333333
0,0,38,0,48,0,18,1,1,1,15,101.255,0,29.883333333333333
0,0,35,0,71,0,28,2,1,1,25,138.555,0,50.13333333333333
9,0,27,0,39,7,66,4,1,1,45,62.425,0,29.3
0,0,12,1,36,19,15,3,1,1,30,176.96,0,41.46666666666667
16,0,39,1,82,7,26,3,1,1,30,189.88,0,66.08333333333333
1,0,35,0,19,0,2,3,1,1,30,62.88,0,25.883333333333333
0,0,32,0,23,0,2,3,1,1,30,64.44,0,26.466666666666665
15,0,42,2,89,126,44,2,1,1,25,895.14,0,120.05
23,0,41,9,99,9,43,5,2,1,55,171.51,0,173.91666666666666
6,0,35,0,179,145,28,2,1,1,25,1354.68,0,257.0833333333333
9,0,31,3,116,270,34,2,2,1,25,1547.37,0,121.16666666666667
3,0,17,0,31,29,12,2,1,1,25,226.395,0,35.0
19,0,38,3,132,152,43,3,1,1,30,1006.28,0,163.75
5,0,37,0,6,7,2,2,1,2,25,45.495,1,5.083333333333333
4,0,39,0,171,4,47,3,1,1,30,568.76,0,227.46666666666667
5,0,39,0,123,370,30,3,1,1,30,1773.44,0,120.21666666666667
5,0,32,0,6,7,2,3,1,2,30,40.44,1,5.083333333333333
22,0,38,4,114,54,41,3,1,1,30,489.48,0,112.05
0,0,34,0,0,0,0,5,1,1,55,0.0,0,0.0
10,0,32,3,120,268,31,3,2,1,30,1364.4,0,119.83333333333333
10,0,39,2,93,202,31,3,1,1,30,1091.52,0,116.58333333333333
0,0,37,0,84,6,31,2,1,1,25,192.465,0,59.88333333333333
25,0,35,3,242,8,84,2,1,1,25,768.24,0,267.1666666666667
32,0,45,5,237,69,35,3,2,1,30,903.28,0,257.4166666666667
16,0,41,3,84,120,41,2,1,1,25,862.515,0,118.05
8,0,36,3,109,53,28,5,1,1,55,189.21,0,120.08333333333333
17,0,46,2,185,22,52,3,1,1,30,668.92,0,238.96666666666667
5,0,40,0,19,11,7,3,1,2,30,77.76,0,13.75
2,0,33,0,125,374,39,2,1,1,25,2022.885,0,123.8
13,0,32,6,84,0,38,4,1,1,45,253.85,0,167.83333333333334
10,0,44,3,35,500,14,4,1,1,45,1337.875,0,58.0
11,0,39,2,80,106,36,2,1,1,25,788.085,0,113.88333333333334
27,0,37,9,104,9,42,5,2,1,55,182.235,0,185.75
3,0,39,1,17,5,13,2,1,1,25,65.34,0,15.583333333333334
6,0,29,0,86,11,21,2,1,1,25,301.455,1,91.88333333333334
0,0,29,0,138,0,39,3,1,1,30,441.52,0,181.66666666666666
7,0,17,3,40,13,21,3,1,1,30,151.48,0,40.78333333333333
17,0,36,6,83,0,27,4,1,1,45,247.95,0,163.91666666666666
8,0,35,1,115,137,41,3,1,1,30,905.0,0,146.83333333333334
13,0,46,2,74,24,41,2,1,1,25,244.44,0,49.3
3,0,24,1,43,44,81,4,1,1,45,157.65,0,31.05
4,0,41,2,88,196,30,3,1,1,30,1050.72,0,109.66666666666667
26,1,35,0,52,14,16,3,1,2,30,100.88,1,17.833333333333332
11,0,38,0,57,10,17,3,1,2,30,141.6,0,41.38333333333333
7,0,35,0,57,354,22,2,1,1,25,1703.25,0,39.88333333333333
11,0,37,3,106,26,26,5,1,1,55,147.84,0,119.16666666666667
16,0,38,1,71,367,24,3,1,1,30,1597.36,0,52.71666666666667
0,0,28,0,0,0,0,3,1,2,30,0.0,1,0.0
6,0,40,0,62,4,37,2,1,1,25,199.575,0,66.21666666666667
6,0,36,0,18,10,6,3,1,2,30,78.12,0,15.583333333333334
23,0,38,3,222,52,32,3,1,1,30,812.68,0,248.25
0,0,20,0,0,6,0,4,1,2,45,15.0,0,0.0
1,0,11,2,31,13,12,3,1,1,30,147.96,0,39.46666666666667
5,0,37,1,6,7,2,5,1,1,55,15.165,0,5.083333333333333
9,0,39,1,27,458,6,3,1,1,30,1964.48,0,54.75
1,0,35,0,43,29,17,3,1,2,30,176.72,0,24.583333333333332
0,1,27,0,25,0,8,2,1,2,25,110.25,1,40.416666666666664
7,0,33,1,150,7,43,4,1,1,45,309.0,0,191.83333333333334
14,0,40,2,90,18,30,3,1,1,30,276.0,0,83.5
9,0,41,3,39,522,14,4,1,1,45,1393.85,0,58.583333333333336
6,0,32,0,72,17,22,2,1,1,25,237.915,0,58.583333333333336
1,0,32,0,80,0,24,2,1,1,25,167.31,0,60.63333333333333
0,1,35,0,0,0,0,2,1,2,25,0.0,1,0.0
4,0,36,0,132,385,41,2,1,1,25,2094.525,0,131.88333333333333
4,0,33,0,35,2,14,2,1,2,25,131.4,1,44.75
3,0,34,0,48,177,24,2,1,1,25,918.585,0,44.416666666666664
9,1,36,0,44,34,31,3,1,2,30,228.48,1,37.8
0,0,37,0,2,2,2,2,1,2,25,20.7,0,4.3
5,0,37,0,44,286,16,3,1,1,30,1256.36,0,46.083333333333336
1,0,38,0,55,0,33,1,1,1,15,121.165,0,35.8
5,0,42,1,41,295,22,3,1,1,30,1279.24,0,40.666666666666664
5,0,20,1,31,26,13,3,1,1,30,177.64,0,30.166666666666668
8,0,36,1,159,12,45,3,1,1,30,529.16,0,197.83333333333334
4,0,38,1,30,0,5,4,1,1,45,45.325,0,29.716666666666665
0,0,20,0,47,0,16,3,1,1,30,111.48,0,45.666666666666664
7,1,7,1,23,7,5,3,1,1,30,97.44,1,28.55
7,0,26,0,61,7,21,3,1,1,30,167.04,0,56.916666666666664
0,0,35,0,27,246,12,3,1,1,30,1062.68,0,32.333333333333336
3,0,28,0,15,19,2,4,1,2,45,71.375,0,15.666666666666666
6,0,41,0,47,296,23,3,1,1,30,1287.48,0,42.333333333333336
21,0,38,1,215,33,17,3,1,1,30,722.2,0,242.33333333333334
20,0,41,2,112,44,31,2,1,1,25,486.675,0,105.05
9,0,40,0,48,42,35,3,1,2,30,258.84,1,37.05
7,0,40,2,32,481,7,3,1,1,30,2053.68,0,53.5
13,0,41,2,83,44,23,3,1,1,30,370.92,0,79.83333333333333
13,0,44,2,177,17,50,3,1,1,30,641.4,0,235.96666666666667
6,0,37,0,25,7,4,3,1,1,30,103.32,0,30.966666666666665
0,0,32,0,31,268,12,3,1,1,30,1152.24,0,32.916666666666664
11,1,33,1,90,15,19,2,1,1,25,325.26,1,93.96666666666667
9,0,38,1,58,173,22,2,1,1,25,911.385,0,48.25
3,0,37,0,30,11,19,3,1,1,30,166.0,0,50.333333333333336
0,0,31,0,90,0,17,4,1,1,45,159.5,0,104.83333333333333
25,0,34,3,221,46,28,3,1,1,30,800.24,0,253.08333333333334
5,0,27,1,64,13,25,3,1,1,30,185.96,0,54.75
5,0,28,0,16,28,5,4,1,2,45,98.65,0,18.833333333333332
15,0,29,0,38,4,13,2,1,2,25,46.26,1,9.833333333333334
4,0,39,1,71,111,39,2,1,1,25,794.88,0,108.21666666666667
0,0,34,0,0,6,0,5,1,1,55,9.0,0,0.0
8,0,43,2,37,15,9,4,1,1,45,87.75,0,32.88333333333333
12,0,37,0,46,7,15,3,1,2,30,154.04,1,51.75
4,0,38,0,94,0,9,3,1,1,30,232.88,0,95.46666666666667
8,0,35,1,186,164,43,2,1,1,25,1456.47,0,263.0
1,0,35,1,9,5,1,5,1,1,55,18.78,0,12.383333333333333
6,0,36,1,173,14,57,3,1,1,30,625.64,0,234.46666666666667
0,0,34,1,29,14,19,3,1,1,30,135.68,0,32.71666666666667
29,0,38,5,235,75,47,3,1,1,30,939.0,0,262.3333333333333
7,0,36,1,110,119,43,3,1,1,30,816.6,0,140.08333333333334
11,0,29,0,27,36,5,4,1,2,45,136.675,0,30.666666666666668
0,0,34,0,30,273,14,3,1,1,30,1173.0,0,33.25
6,1,36,0,51,3,15,3,1,2,30,101.16,0,36.3
30,0,41,5,237,93,38,3,1,1,30,1003.88,0,259.3333333333333
11,0,28,1,46,46,73,5,1,1,55,100.635,0,34.38333333333333
2,0,36,0,77,0,23,3,1,1,30,171.48,0,70.16666666666667
33,0,35,5,247,12,84,2,2,1,25,804.915,0,274.0
20,0,37,3,225,79,34,3,1,1,30,923.0,0,249.16666666666666
1,0,33,0,41,136,17,2,1,1,25,720.045,0,39.333333333333336
12,1,32,0,96,16,20,2,1,1,25,334.53,1,95.63333333333334
7,0,35,0,58,176,21,2,1,1,25,937.935,0,53.083333333333336
16,0,13,1,137,77,38,2,2,1,25,642.375,0,107.3
5,0,39,3,16,43,8,5,1,1,55,76.11,0,12.633333333333333
9,0,43,2,89,10,26,3,1,1,30,224.16,0,75.25
0,0,35,0,0,0,0,4,1,1,45,0.0,0,0.0
0,0,31,0,71,0,22,3,1,1,30,171.24,0,70.16666666666667
1,0,36,0,24,478,6,3,1,1,30,2034.36,0,50.583333333333336
14,1,39,0,54,7,15,3,1,2,30,127.28,0,40.46666666666667
7,0,43,3,16,19,5,5,1,1,55,38.385,0,10.716666666666667
23,0,18,2,188,88,42,5,1,1,55,284.025,0,165.78333333333333
3,0,25,2,40,207,24,2,2,1,25,1005.75,0,26.833333333333332
0,0,39,0,60,6,36,1,1,1,15,161.04,0,37.8
0,0,35,0,7,0,6,2,1,2,25,17.415,0,6.333333333333333
13,1,36,1,98,26,24,2,1,1,25,383.22,1,96.96666666666667
4,0,39,2,33,515,12,4,1,1,45,1368.575,0,53.5
3,0,31,0,65,93,31,2,1,1,25,712.035,0,107.63333333333334
5,0,32,4,120,285,46,2,2,1,25,1614.6,0,121.0
0,0,12,0,18,11,8,2,1,1,25,109.26,0,21.833333333333332
0,0,41,0,14,14,7,3,1,2,30,72.76,0,6.75
5,0,25,0,44,31,66,4,1,1,45,127.925,0,32.88333333333333
12,0,35,0,54,7,18,3,1,2,30,131.88,0,42.38333333333333
25,1,33,0,50,18,17,3,1,2,30,122.0,1,20.0
14,1,39,0,56,73,37,4,1,2,45,251.1,1,44.8
0,0,34,0,69,154,24,3,1,1,30,838.16,0,91.41666666666667
7,0,37,1,37,281,15,3,1,1,30,1224.88,0,41.416666666666664
0,0,19,0,53,0,17,3,1,1,30,115.72,0,47.333333333333336
32,1,35,0,63,44,34,3,1,2,30,252.92,1,31.0
5,1,37,0,6,7,2,3,1,2,30,40.44,1,5.083333333333333
8,0,36,2,121,169,45,3,1,1,30,1037.84,0,148.75
4,1,30,0,34,19,25,3,1,2,30,157.68,1,33.46666666666667
9,0,41,1,91,13,30,3,1,1,30,243.44,0,78.25
0,0,35,0,37,0,15,3,1,2,30,50.4,0,20.383333333333333
0,0,31,0,6,0,5,2,1,2,25,22.32,0,8.166666666666666
6,0,36,1,28,7,16,3,1,1,30,154.92,0,52.416666666666664
25,0,39,4,231,86,36,3,1,1,30,963.44,0,254.25
10,0,26,1,38,51,17,2,1,1,25,291.51,0,22.333333333333332
3,0,39,0,53,176,22,2,1,1,25,905.76,0,41.25
0,0,35,0,49,0,33,1,1,1,15,177.76,0,53.05
9,0,34,2,108,22,22,5,1,1,55,147.045,0,124.91666666666667
0,0,37,0,39,310,20,3,1,1,30,1328.36,0,36.166666666666664
0,0,35,0,0,0,0,2,1,2,25,0.0,0,0.0
20,0,37,8,88,0,44,5,1,1,55,151.77,0,167.16666666666666
8,0,37,0,57,357,24,2,1,1,25,1708.425,0,36.8
21,1,33,0,44,14,17,2,1,1,25,96.93,1,11.833333333333334
0,0,23,0,55,1,21,3,1,1,30,123.0,0,48.666666666666664
0,0,31,0,5,0,1,4,1,1,45,8.575,0,5.633333333333334
0,0,25,0,4,0,1,4,1,2,45,17.85,0,11.833333333333334
6,0,32,1,107,126,36,3,1,1,30,853.48,0,143.83333333333334
0,0,37,0,28,260,18,3,1,1,30,1107.12,0,27.5
3,1,9,1,19,0,7,3,1,1,30,60.24,1,24.783333333333335
0,0,9,1,37,213,10,3,1,1,30,1019.28,0,69.08333333333333
6,0,39,0,56,12,20,3,1,2,30,134.76,0,35.21666666666667
2,0,15,2,34,6,19,3,1,1,30,111.04,0,35.7
3,0,32,0,46,0,11,3,1,2,30,75.96,0,30.883333333333333
11,0,45,3,39,498,11,4,1,1,45,1330.975,0,56.666666666666664
4,0,37,2,99,24,26,5,1,1,55,140.46,0,114.41666666666667
12,0,35,4,113,42,39,5,1,1,55,180.045,0,128.16666666666666
5,0,32,0,74,15,22,2,1,1,25,223.38,0,56.5
0,0,35,1,4,29,4,5,1,1,55,45.78,0,2.466666666666667
0,0,33,0,8,5,7,2,1,2,25,54.81,0,11.833333333333334
15,0,23,1,222,0,72,2,1,1,25,707.94,0,258.5
10,0,38,0,40,20,18,3,1,2,30,160.52,1,32.88333333333333
3,0,38,1,10,14,6,4,1,1,45,52.45,1,11.466666666666667
17,0,18,2,183,112,46,5,1,1,55,311.04,0,155.88333333333333
25,0,36,10,103,22,57,5,2,1,55,200.07,0,183.91666666666666
8,0,38,0,63,0,35,1,1,1,15,220.88,0,65.88333333333334
5,0,14,2,40,33,20,3,1,1,30,243.08,0,45.61666666666667
23,0,39,8,101,12,47,5,1,1,55,178.74,0,176.91666666666666
1,0,36,0,18,27,21,2,1,2,25,167.535,0,16.75
10,0,40,1,174,0,43,3,1,1,30,562.48,0,231.46666666666667
11,0,41,2,136,396,47,3,1,1,30,1904.36,0,131.21666666666667
8,0,39,1,36,18,21,3,1,1,30,206.44,0,55.416666666666664
12,0,35,1,79,105,35,2,1,1,25,788.49,0,115.71666666666667
12,0,16,1,177,105,44,5,1,1,55,295.875,0,150.8
0,0,36,0,53,4,34,1,1,1,15,150.205,0,37.96666666666667
10,0,39,0,178,136,17,2,1,1,25,1303.56,0,253.16666666666666
5,0,21,1,57,7,19,3,1,1,30,161.08,0,54.5
28,0,33,4,241,5,82,2,1,1,25,759.42,0,268.9166666666667
12,0,38,0,67,10,38,1,1,1,15,300.025,0,73.13333333333334
14,1,37,0,47,16,18,3,1,2,30,197.68,1,54.916666666666664
6,0,34,1,86,185,27,3,1,1,30,1015.64,0,113.41666666666667
9,0,38,2,97,194,26,3,1,1,30,1068.28,0,120.16666666666667
0,0,33,0,0,0,0,5,1,1,55,0.0,0,0.0
0,0,41,0,18,8,15,2,1,2,25,74.16,0,13.833333333333334
2,1,33,0,81,0,22,2,1,1,25,219.78,1,80.05
3,0,37,0,19,14,6,2,1,2,25,114.03,0,18.583333333333332
4,0,36,0,78,4,26,3,1,1,30,195.12,0,73.33333333333333
4,0,30,1,67,16,24,3,1,1,30,195.68,0,53.75
20,0,41,0,71,23,19,4,1,2,45,140.6,0,54.21666666666667
9,0,32,2,73,23,26,4,1,1,45,147.575,0,58.833333333333336
3,0,37,1,101,22,26,5,1,1,55,135.615,0,112.33333333333333
28,1,36,0,59,55,23,3,1,2,30,277.36,1,22.916666666666668
8,0,38,0,127,359,41,2,1,1,25,1967.625,0,128.3
20,0,17,3,151,106,57,2,2,1,25,798.48,0,116.55
12,0,42,2,61,192,29,2,1,1,25,1009.17,0,52.75
19,0,27,3,48,47,30,2,1,1,25,309.51,0,35.5
3,0,36,0,121,352,39,2,1,1,25,1922.13,0,123.21666666666667
17,0,17,1,177,80,42,5,1,1,55,261.21,0,153.95
0,0,29,0,88,2,18,4,1,1,45,167.7,0,107.0
8,0,41,2,34,15,17,4,1,1,45,116.975,0,52.416666666666664
13,0,45,2,107,22,15,3,1,1,30,341.2,0,103.71666666666667
0,0,38,0,0,3,0,3,1,2,30,12.0,1,0.0
4,0,34,3,113,269,33,2,2,1,25,1517.985,0,112.0
11,0,37,0,71,2,33,1,1,1,15,268.07,0,76.71666666666667
8,0,41,0,54,53,26,3,1,2,30,291.16,0,32.083333333333336
0,0,34,0,44,63,22,3,1,2,30,312.76,0,24.583333333333332
9,0,38,1,89,18,33,3,1,1,30,244.08,0,70.21666666666667
0,0,40,0,14,1,10,2,1,2,25,30.78,0,9.5
20,0,46,2,82,23,43,1,1,1,15,392.975,0,79.38333333333334
10,0,44,0,18,22,10,3,1,2,30,116.64,1,11.633333333333333
0,0,30,0,0,0,0,2,1,2,25,0.0,0,0.0
7,0,35,0,46,0,12,3,1,2,30,84.16,0,34.3
5,0,21,0,17,0,1,2,1,2,25,14.94,0,5.25
10,0,42,0,56,18,21,3,1,2,30,166.96,0,38.63333333333333
14,0,34,7,86,0,37,4,1,1,45,250.65,0,165.66666666666666
10,0,38,1,123,148,46,3,1,1,30,956.52,0,149.83333333333334
7,0,41,0,26,52,14,3,1,2,30,254.24,0,18.833333333333332
23,0,31,3,237,0,77,2,1,1,25,725.49,0,264.75
0,0,29,0,36,21,14,3,1,2,30,136.64,0,21.333333333333332
0,0,32,0,19,466,2,3,1,1,30,1973.16,0,45.166666666666664
4,0,12,1,48,226,15,3,1,1,30,1088.72,0,76.16666666666667
7,0,43,0,19,24,7,4,1,2,45,83.8,1,15.55
12,0,14,0,165,41,36,4,1,1,45,327.075,0,146.96666666666667
1,0,12,0,154,41,38,4,1,1,45,304.275,0,131.95
11,0,11,0,131,70,36,1,2,1,15,729.52,0,102.21666666666667
2,0,36,0,3,9,5,3,1,2,30,49.04,1,5.383333333333334
8,0,38,2,49,306,33,3,1,1,30,1344.36,0,49.333333333333336
26,0,25,3,157,107,50,2,2,1,25,801.675,0,115.96666666666667
2,0,32,0,159,0,38,3,1,1,30,546.88,0,225.21666666666667
0,0,35,0,34,17,5,3,1,2,30,111.96,0,17.75
30,1,35,0,54,32,22,3,1,2,30,188.16,1,24.166666666666668
4,0,38,1,27,483,8,3,1,1,30,2056.88,0,51.583333333333336
1,0,36,0,89,0,10,2,1,1,25,256.59,0,93.55
24,1,37,0,49,26,21,3,1,2,30,147.36,1,17.25
0,0,37,0,22,1,13,3,1,1,30,106.28,0,42.25
11,0,44,2,41,22,14,4,1,1,45,111.85,0,37.21666666666667
21,0,40,3,107,38,28,3,1,1,30,403.6,0,103.05
12,0,16,5,55,52,34,3,1,1,30,348.32,0,57.55
0,0,37,0,76,165,11,3,1,1,30,899.04,0,98.33333333333333
0,0,30,0,11,461,7,3,1,1,30,1945.64,0,42.166666666666664
5,0,22,0,61,7,24,3,1,1,30,171.64,0,58.833333333333336
0,1,33,0,0,0,0,2,1,2,25,0.0,1,0.0
16,1,42,5,132,293,41,3,2,1,30,1478.48,0,125.5
13,0,43,3,162,28,53,4,1,1,45,370.3,0,197.5
8,0,31,1,111,129,37,3,1,1,30,874.64,0,147.58333333333334
0,0,35,0,24,4,17,3,1,1,30,125.56,0,45.25
14,0,44,2,79,22,23,3,1,1,30,281.36,0,79.25
26,0,33,2,234,7,67,2,1,1,25,752.13,0,263.0
16,1,37,0,48,25,21,3,1,2,30,241.32,1,58.083333333333336
25,0,19,4,157,113,59,2,2,1,25,843.975,0,121.63333333333334
5,0,23,1,32,185,7,2,2,1,25,895.14,0,22.666666666666668
7,0,39,0,21,16,16,2,1,2,25,134.595,0,22.833333333333332
9,0,35,1,64,373,37,2,1,1,25,1805.04,0,45.8
6,0,37,1,59,207,27,2,1,1,25,1064.43,0,48.25
9,0,39,2,117,147,45,3,1,1,30,948.28,0,148.16666666666666
9,0,42,1,73,15,21,3,1,1,30,240.92,0,74.16666666666667
0,0,24,0,24,154,5,2,2,1,25,734.355,0,14.916666666666666
0,0,36,0,20,467,3,3,1,1,30,1972.8,0,43.333333333333336
15,0,12,0,171,72,41,4,1,1,45,415.2,0,153.95
0,0,33,0,0,0,0,3,1,2,30,0.0,1,0.0
8,0,32,0,54,351,23,2,1,1,25,1692.315,0,40.88333333333333
0,0,38,0,88,190,29,3,1,1,30,1018.52,0,106.25
9,0,29,2,42,200,13,3,2,1,30,866.48,0,27.0
14,0,12,0,135,77,41,1,2,1,15,782.485,0,106.53333333333333
3,0,40,1,84,12,32,3,1,1,30,203.28,0,63.3
16,0,33,1,98,25,25,2,1,1,25,392.445,1,102.05
1,0,28,2,106,256,27,2,2,1,25,1458.495,0,111.75
0,0,3,0,32,198,4,3,1,1,30,953.48,0,66.75
13,0,36,1,115,112,39,3,1,1,30,812.6,0,150.0
0,0,37,0,9,21,17,2,1,2,25,122.49,0,10.216666666666667
11,1,43,0,60,16,18,3,1,2,30,155.92,0,37.3
10,0,28,0,20,0,9,3,1,2,30,12.6,0,4.916666666666667
6,0,36,0,76,25,26,2,1,1,25,272.07,0,57.833333333333336
5,0,37,0,172,129,15,2,1,1,25,1258.065,0,248.08333333333334
1,0,40,0,29,8,10,3,1,1,30,98.08,0,27.05
28,0,33,4,243,0,79,2,2,1,25,739.485,0,269.8333333333333
0,0,37,0,13,0,8,2,1,2,25,31.41,0,11.416666666666666
16,0,44,2,69,197,31,2,1,1,25,1040.13,0,55.75
2,0,32,0,73,0,19,3,1,1,30,173.12,0,70.91666666666667
8,0,38,0,65,0,32,1,1,1,15,224.015,0,66.8
7,0,44,0,26,15,14,3,1,2,30,108.24,0,19.666666666666668
5,0,39,0,14,39,8,3,1,2,30,178.68,1,9.216666666666667
7,0,29,2,41,191,10,3,2,1,30,822.84,0,23.833333333333332
5,0,36,1,105,25,27,5,1,1,55,143.55,0,116.08333333333333
5,0,33,1,123,376,39,2,1,1,25,2037.42,0,125.88333333333334
0,0,27,0,12,25,6,4,1,2,45,80.3,0,11.666666666666666
11,0,14,0,129,46,36,1,2,1,15,588.61,0,99.55
10,0,34,1,62,7,31,2,1,1,25,225.225,0,70.71666666666667
9,0,33,1,178,142,26,2,1,1,25,1345.86,0,258.8333333333333
5,0,35,3,111,253,35,2,2,1,25,1438.695,0,109.33333333333333
32,1,36,4,252,18,87,2,2,1,25,837.54,0,276.0
9,0,38,1,81,23,25,3,1,1,30,238.64,0,59.75
17,0,21,1,181,88,46,5,1,1,55,272.61,0,153.21666666666667
8,0,44,0,22,30,14,3,1,2,30,164.68,0,18.25
31,0,37,5,246,17,86,2,1,1,25,828.27,0,274.3333333333333
15,0,18,4,52,47,24,3,1,1,30,323.96,0,55.78333333333333
4,0,29,2,110,263,32,2,2,1,25,1501.875,0,116.08333333333333
0,0,31,0,0,0,0,2,1,2,25,0.0,1,0.0
12,0,43,2,164,26,53,4,1,1,45,362.225,0,195.41666666666666
8,0,40,3,98,225,32,4,1,1,45,737.95,0,115.33333333333333
7,0,37,0,179,148,30,2,1,1,25,1359.855,0,254.0
6,0,38,0,56,0,20,1,1,1,15,200.97,0,59.96666666666667
7,0,27,1,67,15,25,3,1,1,30,203.88,0,58.833333333333336
1,0,32,0,61,90,30,2,1,1,25,688.23,0,103.88333333333334
11,0,39,0,24,24,6,4,1,2,45,101.675,1,27.383333333333333
1,0,32,0,35,22,27,3,1,2,30,165.52,1,31.716666666666665
5,0,37,0,17,7,11,2,1,2,25,82.665,0,18.666666666666668
0,0,25,0,0,0,0,2,1,2,25,0.0,0,0.0
0,0,25,0,51,0,8,3,1,1,30,107.04,0,43.75
0,0,34,0,0,0,0,4,1,2,45,0.0,1,0.0
5,0,41,0,6,7,2,3,1,2,30,40.44,0,5.083333333333333
0,0,35,0,0,2,0,2,1,2,25,9.0,1,0.0
4,0,30,0,43,38,72,4,1,1,45,134.15,0,25.383333333333333
0,0,29,0,166,128,22,2,1,1,25,1254.87,0,248.66666666666666
0,0,34,0,0,2,0,3,1,2,30,8.0,1,0.0
15,0,38,3,69,203,40,2,1,1,25,1082.43,0,61.416666666666664
2,0,34,0,37,18,26,3,1,2,30,144.4,1,29.55
12,0,26,0,30,11,5,2,1,2,25,100.575,0,18.416666666666668
5,0,40,1,23,469,9,3,1,1,30,1988.92,0,46.666666666666664
4,0,21,0,34,39,19,2,1,1,25,261.405,0,31.25
14,0,28,1,221,0,78,2,1,1,25,687.645,0,251.0
1,0,32,0,161,0,38,3,1,1,30,541.96,0,223.13333333333333
9,0,35,0,41,9,16,3,1,2,30,157.24,1,49.833333333333336
16,1,31,0,40,0,12,2,1,2,25,22.5,1,7.666666666666667
0,0,32,0,19,0,12,3,1,1,30,111.96,0,46.333333333333336
3,0,13,2,42,225,14,3,1,1,30,1080.48,0,74.5
13,0,38,1,75,83,35,2,1,1,25,687.735,0,115.13333333333334
5,0,32,0,51,165,19,2,1,1,25,866.295,0,45.0
8,0,28,0,27,14,10,2,1,2,25,90.09,0,9.583333333333334
30,0,33,4,244,7,82,2,2,1,25,779.58,0,273.0
12,1,32,0,41,8,17,3,1,2,30,165.44,1,54.916666666666664
27,1,34,3,246,11,85,2,1,1,25,792.045,0,270.9166666666667
0,0,36,0,42,0,16,1,1,1,15,84.15,0,24.8
0,0,8,0,8,0,7,3,1,1,30,31.4,1,12.95
16,0,17,1,141,85,42,2,2,1,25,676.53,0,106.55
9,0,41,0,21,35,21,3,1,2,30,189.76,0,20.383333333333333
9,0,30,1,75,26,30,3,1,1,30,255.4,0,61.833333333333336
13,0,37,2,121,144,43,3,1,1,30,945.44,0,151.91666666666666
14,0,26,0,23,7,4,3,1,2,30,61.92,0,13.75
12,0,31,0,27,20,11,3,1,2,30,112.28,0,13.0
14,0,42,2,168,29,54,4,1,1,45,375.45,0,199.16666666666666
0,0,26,0,0,0,0,2,1,2,25,0.0,0,0.0
12,0,28,0,40,30,18,2,1,1,25,200.025,0,23.416666666666668
12,0,37,0,52,7,14,3,1,2,30,124.6,0,39.38333333333333
8,0,36,0,44,13,18,3,1,2,30,127.96,0,30.916666666666668
5,0,37,1,89,188,26,3,1,1,30,1025.36,0,112.41666666666667
3,0,13,1,23,8,11,3,1,1,30,90.64,1,24.05
1,0,16,1,30,42,27,2,1,1,25,279.9,0,33.166666666666664
0,0,37,0,47,0,33,1,1,1,15,95.15,0,28.05
0,0,26,1,100,249,25,2,2,1,25,1413.0,0,106.66666666666667
8,0,25,0,20,12,8,2,1,2,25,81.225,0,9.75
0,0,36,0,88,0,7,2,1,1,25,247.995,0,90.38333333333334
3,0,36,0,65,0,15,2,1,1,25,185.85,0,67.75
5,0,36,0,34,13,16,3,1,2,30,120.08,1,27.8
0,0,31,0,92,16,23,4,1,1,45,209.05,0,111.16666666666667
8,1,12,3,31,39,13,3,1,1,30,233.56,1,31.8
5,0,38,1,61,7,33,2,1,1,25,152.955,0,43.96666666666667
13,0,27,1,35,24,15,2,1,1,25,167.4,0,21.416666666666668
11,0,39,2,78,113,39,2,1,1,25,817.02,0,112.96666666666667
4,0,31,0,52,342,18,2,1,1,25,1634.4,0,34.46666666666667
0,0,26,0,6,0,6,3,1,1,30,91.24,0,37.916666666666664
11,0,27,0,25,10,7,2,1,2,25,77.625,0,11.666666666666666
27,0,42,10,101,18,48,5,1,1,55,190.815,0,180.33333333333334
0,0,34,0,11,23,17,4,1,2,45,80.85,1,15.383333333333333
31,1,37,2,56,28,21,3,1,1,30,167.04,1,22.0
2,0,13,1,44,223,14,3,1,1,30,1067.56,0,72.41666666666667
0,0,34,0,43,327,22,2,1,1,25,1538.145,0,23.966666666666665
3,0,15,3,45,56,21,3,1,1,30,332.32,0,44.38333333333333
18,0,39,3,110,65,30,3,1,1,30,513.92,0,103.96666666666667
5,0,8,0,159,58,37,4,1,1,45,364.65,0,143.78333333333333
19,0,36,8,90,0,42,4,1,1,45,257.0,0,169.83333333333334
0,0,18,0,23,8,60,4,1,1,45,45.65,0,16.716666666666665
2,0,35,0,157,0,38,3,1,1,30,540.4,0,222.55
11,0,42,1,63,190,29,2,1,1,25,994.635,0,50.666666666666664
17,0,19,0,137,71,29,2,2,1,25,600.075,0,101.63333333333334
17,0,30,1,46,37,20,2,1,1,25,245.52,0,28.5
8,0,42,1,171,10,48,3,1,1,30,600.96,0,230.88333333333333
1,0,35,0,7,1,1,3,1,2,30,25.8,1,8.966666666666667
12,0,17,3,56,237,18,3,1,1,30,1148.44,0,82.58333333333333
12,0,37,3,85,129,52,2,1,1,25,913.635,0,121.96666666666667
9,0,37,0,111,123,28,3,1,1,30,837.04,0,141.91666666666666
3,0,35,0,33,9,31,3,1,2,30,99.64,1,25.966666666666665
16,0,36,0,209,26,15,3,1,1,30,681.76,0,237.25
6,0,37,1,82,57,30,3,1,1,30,374.68,0,59.75
8,0,34,0,52,0,13,3,1,2,30,88.4,0,35.96666666666667
3,0,33,0,2,0,3,3,1,2,30,17.6,1,7.3
3,0,37,1,86,186,26,3,1,1,30,1007.44,0,108.33333333333333
8,0,15,3,48,232,16,3,1,1,30,1120.92,0,79.58333333333333
3,0,41,0,10,5,3,3,1,2,30,37.72,0,7.216666666666667
0,0,29,0,10,22,2,4,1,2,45,68.25,0,8.666666666666666
27,0,31,3,239,9,83,2,1,1,25,783.18,0,271.0833333333333
0,0,30,0,0,0,0,4,1,1,45,0.0,0,0.0
20,1,39,0,61,49,33,4,1,2,45,206.1,1,54.71666666666667
14,0,40,0,60,15,19,3,1,2,30,164.12,0,42.38333333333333
0,0,38,0,17,462,7,3,1,1,30,1948.48,0,41.583333333333336
8,0,38,2,81,140,41,2,1,1,25,941.13,0,113.88333333333334
4,0,39,0,90,13,33,2,1,1,25,237.96,0,64.96666666666667
9,0,36,0,44,34,31,3,1,2,30,228.48,1,37.8
10,0,39,2,38,491,8,3,1,1,30,2117.72,0,63.416666666666664
10,0,40,1,172,5,46,3,1,1,30,580.2,0,230.55
11,0,37,3,164,32,62,4,1,1,45,385.725,0,201.08333333333334
0,0,35,0,152,0,42,3,1,1,30,516.4,0,212.63333333333333
0,0,15,0,14,0,8,2,1,1,25,58.005,0,21.25
2,0,38,1,24,481,8,3,1,1,30,2038.96,0,47.5
0,0,19,0,51,0,17,3,1,1,30,120.64,0,49.416666666666664
8,0,39,1,133,391,45,3,1,1,30,1881.84,0,130.21666666666667
14,1,40,0,60,15,19,3,1,2,30,164.12,0,42.38333333333333
0,0,38,0,29,264,3,3,1,1,30,1127.56,0,29.333333333333332
5,0,25,1,64,10,23,3,1,1,30,181.36,0,57.833333333333336
16,0,36,3,119,140,40,3,1,1,30,934.36,0,154.0
13,0,18,0,143,89,45,1,2,1,15,842.105,0,104.46666666666667
2,0,34,0,56,0,29,1,1,1,15,130.295,0,38.55
5,0,34,1,146,0,42,4,1,1,45,285.775,0,188.08333333333334
4,0,36,0,80,0,23,3,1,1,30,181.4,0,74.25
4,0,37,0,55,0,35,1,1,1,15,194.865,0,58.13333333333333
9,0,24,0,17,0,2,2,1,2,25,24.165,0,8.666666666666666
18,0,20,1,149,96,47,2,2,1,25,734.49,0,109.55
25,0,42,3,229,62,36,3,1,1,30,860.96,0,251.58333333333334
15,0,27,1,38,26,15,2,1,1,25,187.56,0,25.5
0,0,38,0,11,11,8,2,1,1,25,70.92,0,7.75
13,0,32,1,94,18,20,2,1,1,25,349.065,1,97.71666666666667
10,0,33,6,76,0,40,4,1,1,45,237.4,0,157.0
4,0,23,1,32,36,15,3,1,1,30,213.08,0,28.25
26,0,40,2,221,40,19,3,1,1,30,762.64,0,247.41666666666666
5,0,33,0,112,132,39,3,1,1,30,882.48,0,145.83333333333334
12,0,41,3,95,41,31,4,1,1,45,228.25,0,82.25
0,1,28,0,28,12,23,3,1,2,30,117.24,1,28.383333333333333
0,0,30,0,79,0,4,2,1,1,25,244.44,0,89.21666666666667
8,0,41,1,39,18,13,4,1,1,45,99.8,0,35.88333333333333
0,0,7,0,12,0,2,2,1,1,25,45.18,1,16.533333333333335
0,0,38,0,5,32,6,3,1,2,30,133.32,0,2.1333333333333333
12,0,11,1,167,65,36,4,1,1,45,391.125,0,149.63333333333333
10,0,40,1,83,119,42,2,1,1,25,849.645,0,114.96666666666667
11,0,15,0,135,78,40,1,2,1,15,771.21,0,101.45
5,0,34,1,25,7,14,3,1,1,30,152.4,0,51.416666666666664
6,0,36,2,92,23,43,3,1,1,30,268.4,0,71.96666666666667
11,0,35,1,158,8,45,4,1,1,45,316.2,0,194.83333333333334
0,0,37,1,27,508,10,3,1,1,30,2149.28,0,48.416666666666664
14,1,42,0,54,49,37,4,1,2,45,187.05,1,42.13333333333333
4,0,32,0,44,0,11,3,1,2,30,80.88,0,32.96666666666667
9,0,38,1,84,11,28,3,1,1,30,235.56,0,78.41666666666667
0,0,35,0,17,0,16,3,1,1,30,98.08,0,40.583333333333336
5,1,11,1,15,7,2,3,1,1,30,76.32,1,19.883333333333333
2,0,24,0,55,0,19,3,1,1,30,126.6,0,51.833333333333336
2,0,26,1,67,40,27,3,1,1,30,296.28,0,55.666666666666664
1,0,37,0,72,0,25,3,1,1,30,155.08,0,63.416666666666664
33,1,41,0,63,38,25,3,1,2,30,215.32,1,25.333333333333332
14,0,14,1,133,74,37,2,2,1,25,618.57,0,103.55
4,0,22,0,11,0,3,2,1,2,25,10.17,0,3.5833333333333335
9,0,40,2,34,12,10,4,1,1,45,81.675,0,33.88333333333333
22,0,29,0,45,6,13,2,1,2,25,68.4,1,14.583333333333334
5,0,29,1,93,7,18,5,1,1,55,114.345,0,113.83333333333333
6,0,33,2,110,239,29,2,2,1,25,1388.7,0,114.16666666666667
24,0,34,2,223,44,28,3,1,1,30,787.32,0,251.0
3,0,14,2,39,24,17,3,1,1,30,199.48,0,42.46666666666667
21,0,35,0,41,32,15,3,1,2,30,180.24,0,21.083333333333332
0,0,30,0,45,158,17,2,1,1,25,820.8,0,39.916666666666664
5,0,36,0,68,0,15,2,1,1,25,197.01,0,71.83333333333333
0,0,27,0,5,3,5,4,1,2,45,18.125,0,7.0
16,0,38,2,101,31,26,2,1,1,25,408.555,0,97.96666666666667
23,1,33,0,47,16,17,2,1,2,25,117.09,1,15.916666666666666
2,0,39,0,20,45,12,3,1,2,30,213.8,0,13.75
0,0,37,0,58,27,35,2,1,1,25,223.245,0,36.71666666666667
0,0,36,1,1,2,2,5,1,1,55,4.41,0,1.55
1,0,30,0,43,160,17,2,1,1,25,835.335,0,42.0
8,0,42,0,75,13,21,3,1,1,30,228.0,0,72.08333333333333
11,1,41,0,50,42,32,4,1,2,45,162.95,1,37.8
0,0,40,0,10,16,10,2,1,2,25,94.275,0,8.083333333333334
17,0,39,2,93,40,28,3,1,1,30,343.12,0,74.75
7,0,27,0,15,0,3,2,1,2,25,5.175,0,1.6666666666666667
16,0,33,6,81,0,36,4,1,1,45,252.4,0,166.91666666666666
0,1,34,0,0,0,0,2,1,2,25,0.0,1,0.0
6,0,35,0,177,152,31,2,1,1,25,1383.615,0,256.1666666666667
19,0,43,4,129,161,49,3,1,1,30,1029.16,0,158.33333333333334
0,0,22,0,0,11,0,4,1,2,45,27.5,0,0.0
6,1,34,0,39,36,32,3,1,2,30,231.68,1,35.88333333333333
14,0,39,1,117,130,30,3,1,1,30,877.48,0,147.0
4,0,31,0,70,17,25,2,1,1,25,235.8,0,57.833333333333336
8,0,40,3,13,16,6,5,1,1,55,34.74,0,11.716666666666667
0,0,40,1,23,486,10,3,1,1,30,2059.72,0,47.833333333333336
0,0,36,0,0,0,0,5,1,1,55,0.0,0,0.0
7,0,9,0,161,58,34,4,1,1,45,365.85,0,144.55
21,0,37,9,99,33,46,5,1,1,55,209.235,0,175.83333333333334
0,0,32,0,24,0,14,2,1,2,25,89.955,1,32.916666666666664
10,0,39,0,43,19,20,3,1,2,30,200.52,1,51.166666666666664
9,0,41,0,186,158,34,2,1,1,25,1414.17,0,257.3333333333333
0,0,21,0,26,29,13,2,1,1,25,194.22,0,23.166666666666668
27,1,33,0,57,37,32,3,1,2,30,212.48,1,25.916666666666668
12,0,39,0,169,7,42,3,1,1,30,593.28,0,232.71666666666667
3,0,10,2,25,32,11,3,1,1,30,193.12,1,26.716666666666665
14,0,37,2,70,380,39,3,1,1,30,1644.92,0,50.88333333333333
0,0,31,0,10,0,8,3,1,1,30,97.2,0,40.333333333333336
17,0,45,3,170,33,55,4,1,1,45,387.5,0,200.5
0,0,36,0,153,0,27,3,1,1,30,520.84,0,214.46666666666667
8,1,31,0,39,0,12,3,1,2,30,117.96,1,48.5
0,0,35,0,8,0,9,2,1,2,25,26.01,0,9.5
0,0,29,0,41,160,20,2,1,1,25,833.22,0,41.25
12,0,38,2,81,26,32,3,1,1,30,306.04,0,82.83333333333333
0,0,29,0,44,337,16,2,1,1,25,1603.44,0,31.466666666666665
0,0,17,0,15,3,14,2,1,1,25,58.5,0,16.416666666666668
11,0,40,0,62,7,22,1,1,1,15,256.575,0,65.05
7,0,41,0,21,27,11,4,1,2,45,95.85,1,18.55
15,0,43,1,70,374,30,3,1,1,30,1607.32,0,45.21666666666667
15,0,39,1,106,37,29,2,1,1,25,441.18,0,99.96666666666667
3,0,39,1,150,14,49,3,1,1,30,511.6,0,187.33333333333334
0,0,31,0,91,7,20,4,1,1,45,181.775,0,108.0
19,0,39,3,76,387,41,3,1,1,30,1685.36,0,55.96666666666667
10,0,25,0,32,19,13,2,1,1,25,142.065,0,20.416666666666668
15,0,42,3,127,152,44,3,1,1,30,977.68,0,151.91666666666666
5,0,40,0,10,7,2,3,1,2,30,45.0,0,6.916666666666667
15,0,17,1,176,71,39,5,1,1,55,244.845,0,150.78333333333333
5,0,36,0,6,7,2,3,1,2,30,40.44,1,5.083333333333333
27,1,31,0,51,13,15,3,1,2,30,101.24,1,19.666666666666668
4,0,11,0,162,61,36,4,1,1,45,370.75,0,142.8
10,0,38,0,66,1,35,1,1,1,15,240.02,0,69.96666666666667
9,0,40,1,45,292,20,3,1,1,30,1276.4,0,44.416666666666664
14,0,39,1,188,157,32,2,1,1,25,1425.51,0,263.1666666666667
2,0,35,0,31,274,13,3,1,1,30,1184.44,0,36.333333333333336
16,0,39,3,126,142,42,3,1,1,30,942.24,0,153.83333333333334
24,0,32,0,52,17,15,2,1,2,25,140.04,1,22.666666666666668
11,0,27,1,28,7,2,2,1,1,25,74.61,0,15.5
25,0,32,4,244,32,84,2,2,1,25,883.53,0,269.8333333333333
5,0,42,1,133,392,44,3,1,1,30,1873.64,0,125.13333333333334
0,0,38,0,16,4,14,2,1,2,25,52.47,0,12.5
9,0,39,0,71,94,24,2,1,1,25,715.23,0,107.05
0,0,29,0,0,0,0,4,1,1,45,0.0,0,0.0
14,0,24,0,25,9,8,2,1,2,25,86.85,0,16.75
9,0,37,0,48,0,13,3,1,2,30,86.84,0,35.38333333333333
15,0,39,0,65,16,17,3,1,2,30,184.52,0,49.13333333333333
0,1,31,0,0,0,0,2,1,2,25,0.0,1,0.0
0,0,32,0,32,0,14,3,1,2,30,51.08,0,20.75
10,0,38,2,111,32,29,5,1,1,55,158.715,0,121.16666666666667
12,0,39,1,83,7,23,3,1,1,30,219.52,0,78.41666666666667
3,1,34,0,30,0,16,2,1,2,25,103.95,1,38.0
3,0,37,0,43,0,17,3,1,2,30,62.84,0,25.466666666666665
0,0,11,1,36,218,12,3,1,1,30,1040.04,0,69.41666666666667
1,0,36,0,34,287,19,3,1,1,30,1239.16,0,37.416666666666664
15,0,27,0,35,31,22,3,1,2,30,177.4,0,21.666666666666668
15,0,40,3,111,35,29,3,1,1,30,417.36,0,113.71666666666667
0,0,36,0,79,0,28,2,1,1,25,159.84,0,57.88333333333333
6,0,27,1,39,195,11,2,2,1,25,949.455,0,26.0
10,0,42,2,100,204,33,3,1,1,30,1099.4,0,116.41666666666667
0,0,39,0,82,3,27,3,1,1,30,151.8,0,56.88333333333333
8,0,41,1,82,33,27,3,1,1,30,274.08,0,57.833333333333336
17,0,45,2,78,16,38,1,1,1,15,339.955,0,75.05
18,0,16,1,182,81,40,5,1,1,55,268.86,0,160.7
6,0,41,1,35,494,13,3,1,1,30,2108.4,0,54.583333333333336
4,0,39,0,85,6,28,3,1,1,30,203.0,0,73.16666666666667
3,0,38,2,9,2,1,5,1,1,55,9.93,0,7.55
0,0,37,0,13,41,8,4,1,2,45,121.4,1,12.383333333333333
0,0,26,0,9,12,1,4,1,2,45,46.1,0,10.583333333333334
20,0,28,1,226,0,74,2,1,1,25,714.645,0,260.9166666666667
2,0,8,0,34,183,6,3,1,1,30,904.36,0,71.25
10,0,34,0,46,10,14,3,1,2,30,177.64,1,56.583333333333336
5,0,38,0,52,49,25,3,1,2,30,271.88,0,30.75
0,0,36,0,0,0,0,3,1,2,30,0.0,1,0.0
6,0,32,0,18,38,9,4,1,2,45,125.7,0,20.166666666666668
8,0,34,0,52,348,19,3,1,1,30,1485.0,0,37.88333333333333
5,0,37,0,71,7,28,3,1,1,30,153.44,0,51.083333333333336
13,0,41,1,67,193,30,2,1,1,25,1018.44,0,54.416666666666664
0,0,37,0,20,0,8,4,1,1,45,32.075,0,21.05
22,0,39,2,227,58,35,3,1,1,30,841.68,0,250.25
10,1,44,0,23,31,12,4,1,2,45,107.9,1,19.883333333333333
7,0,44,0,12,15,3,3,1,2,30,72.68,1,5.083333333333333
10,0,29,2,70,20,27,3,1,1,30,226.4,0,59.833333333333336
5,0,36,0,6,7,2,2,1,2,25,45.495,1,5.083333333333333
7,0,28,1,44,28,67,5,1,1,55,67.905,0,28.05
6,0,34,3,116,271,33,2,2,1,25,1538.145,0,116.08333333333333
11,0,42,1,68,11,39,1,1,1,15,299.53,0,71.3
7,0,33,0,22,36,6,4,1,2,45,118.8,0,18.833333333333332
13,0,12,3,57,230,12,3,1,1,30,1138.48,0,90.08333333333333
11,0,41,1,62,369,28,3,1,1,30,1579.8,0,42.21666666666667
0,0,30,0,74,171,23,3,1,1,30,934.76,0,103.25
0,0,36,0,11,8,6,2,1,2,25,65.745,0,10.833333333333334
0,0,20,0,31,13,62,4,1,1,45,62.85,0,19.716666666666665
22,0,29,2,235,0,78,2,1,1,25,731.25,0,266.9166666666667
1,0,30,1,89,3,17,5,1,1,55,104.91,0,110.08333333333333
0,0,41,0,58,3,32,2,1,1,25,110.07,0,34.8
3,0,41,0,95,8,11,3,1,1,30,260.32,0,93.55
0,0,43,0,9,15,8,2,1,2,25,80.19,0,4.55
0,0,26,0,85,0,19,4,1,1,45,164.125,0,108.0
11,0,40,0,190,161,35,2,1,1,25,1437.975,0,261.0833333333333
4,0,37,0,65,87,22,2,1,1,25,669.735,0,101.96666666666667
6,0,35,0,70,0,22,2,1,1,25,154.125,0,55.916666666666664
13,0,22,4,55,46,25,3,1,1,30,310.72,0,51.88333333333333
9,0,44,1,49,300,24,3,1,1,30,1306.76,0,43.666666666666664
3,0,37,0,52,0,29,1,1,1,15,128.15,0,37.96666666666667
8,0,36,0,69,76,33,2,1,1,25,642.24,0,110.05
0,0,24,0,19,161,9,2,2,1,25,738.855,0,5.0
12,0,46,0,30,35,16,3,1,2,30,192.2,0,21.25
5,0,42,2,29,493,12,3,1,1,30,2100.16,0,52.916666666666664
4,0,36,0,49,334,24,2,1,1,25,1583.64,0,29.05
0,0,32,0,1,0,1,3,1,2,30,10.56,1,4.383333333333334
21,0,41,4,130,156,47,3,1,1,30,1008.4,0,158.0
6,0,18,2,36,49,29,2,1,1,25,325.395,0,38.25
3,0,37,0,71,30,19,3,1,1,30,290.04,0,69.66666666666667
5,0,35,0,14,12,9,2,1,2,25,100.305,0,16.916666666666668
0,0,23,0,0,10,0,4,1,2,45,25.0,0,0.0
10,0,11,0,133,68,36,1,2,1,15,711.755,0,100.13333333333334
20,0,30,3,238,25,82,2,1,1,25,838.035,0,264.75
2,0,36,1,154,36,49,4,1,1,45,375.725,0,187.91666666666666
1,0,32,0,75,0,19,3,1,1,30,168.2,0,68.83333333333333
0,0,34,0,74,0,21,3,1,1,30,168.96,0,69.16666666666667
3,0,41,1,8,12,6,3,1,1,30,63.44,0,6.3
0,0,36,0,32,269,13,3,1,1,30,1151.88,0,31.083333333333332
10,0,35,1,116,146,44,3,1,1,30,948.64,0,150.0
12,0,38,1,69,7,35,1,1,1,15,286.66,0,74.05
4,0,40,0,67,8,19,2,1,1,25,225.54,0,69.08333333333333
10,0,35,1,83,1,26,3,1,1,30,200.12,0,80.33333333333333
1,0,9,1,33,16,16,3,1,1,30,167.2,0,42.45
17,0,42,2,63,20,21,4,1,1,45,116.65,0,43.38333333333333
14,0,45,3,95,17,28,4,1,1,45,165.375,0,80.33333333333333
0,0,27,0,57,11,25,3,1,1,30,166.28,0,50.0
0,1,30,0,0,0,0,4,1,2,45,0.0,1,0.0
0,0,30,0,38,0,9,3,1,2,30,68.44,0,27.883333333333333
3,0,40,1,79,5,27,3,1,1,30,194.76,0,71.5
0,0,35,0,10,451,6,3,1,1,30,1887.6,0,34.666666666666664
0,0,36,0,0,0,0,2,1,2,25,0.0,1,0.0
7,0,37,2,137,405,58,3,1,1,30,1949.8,0,135.13333333333333
0,0,3,0,30,200,4,3,1,1,30,966.4,0,68.83333333333333
0,0,36,0,67,0,8,3,1,1,30,147.08,0,60.166666666666664
13,0,17,3,45,7,17,3,1,1,30,151.52,0,50.71666666666667
0,0,35,0,25,25,8,4,1,1,45,100.075,0,24.633333333333333
13,0,37,2,192,171,45,2,1,1,25,1501.965,0,268.0833333333333
5,0,20,1,29,33,16,2,1,1,25,228.78,0,29.25
18,0,38,2,104,33,26,2,1,1,25,428.715,0,102.05
8,1,11,2,25,7,9,3,1,1,30,100.68,1,29.866666666666667
15,0,29,2,56,45,70,5,1,1,55,107.085,0,43.05
15,0,39,1,66,366,26,3,1,1,30,1576.96,0,45.96666666666667
6,0,32,0,69,100,36,2,1,1,25,755.415,0,111.96666666666667
7,0,42,1,92,17,34,3,1,1,30,230.8,0,66.3
5,0,31,0,40,30,16,3,1,2,30,190.0,0,28.5
7,0,31,0,24,39,10,4,1,2,45,130.85,0,21.833333333333332
21,0,19,2,147,92,44,2,2,1,25,721.98,0,111.61666666666666
7,0,38,2,160,43,51,4,1,1,45,401.0,0,193.0
11,0,23,0,21,7,3,2,1,2,25,65.97,0,12.416666666666666
0,0,34,0,86,0,8,2,1,1,25,253.755,0,92.55
10,0,37,1,167,7,41,3,1,1,30,590.6,0,231.63333333333333
8,0,16,3,45,31,19,3,1,1,30,239.88,0,47.53333333333333
0,0,34,0,66,0,11,2,1,1,25,129.555,0,46.88333333333333
11,0,36,4,122,278,35,3,2,1,30,1407.68,0,121.16666666666667
8,0,26,1,72,16,23,3,1,1,30,224.28,0,65.58333333333333
14,1,41,0,51,24,22,3,1,2,30,228.04,1,54.166666666666664
9,0,41,0,177,11,49,3,1,1,30,609.2,0,232.55
23,0,24,3,153,100,45,2,2,1,25,758.25,0,111.61666666666666
8,0,30,0,25,11,6,3,1,2,30,60.8,0,6.583333333333333
14,1,12,3,36,15,9,3,1,1,30,161.52,1,41.7
26,1,37,3,230,55,30,3,1,1,30,851.0,0,259.0833333333333
5,0,35,0,93,7,9,5,1,1,55,109.245,0,108.16666666666667
9,0,20,1,33,44,19,3,1,1,30,264.92,0,36.5
15,0,13,0,139,75,38,1,2,1,15,767.36,0,105.21666666666667
0,0,35,0,9,2,12,2,1,2,25,43.605,0,12.666666666666666
0,0,4,0,26,197,3,3,1,1,30,945.24,0,65.08333333333333
10,0,38,2,105,28,27,3,1,1,30,376.92,0,108.63333333333334
4,0,33,0,25,0,7,3,1,1,30,79.92,0,32.88333333333333
0,0,31,0,0,0,0,4,1,2,45,0.0,1,0.0
15,0,39,0,66,7,33,1,1,1,15,283.47,0,73.13333333333334
8,1,30,0,88,11,18,2,1,1,25,303.57,1,92.63333333333334
0,0,10,0,42,219,13,3,1,1,30,1048.28,0,71.08333333333333
7,0,25,1,37,26,65,5,1,1,55,64.95,0,28.216666666666665
0,0,33,0,0,0,0,4,1,1,45,0.0,0,0.0
4,0,43,0,20,21,9,3,1,2,30,113.2,0,11.833333333333334
4,0,35,0,105,116,26,3,1,1,30,796.6,0,136.83333333333334
6,0,36,1,125,380,40,3,1,1,30,1830.32,0,127.21666666666667
13,0,15,0,136,87,43,1,2,1,15,831.215,0,104.61666666666666
4,1,34,0,38,27,29,3,1,2,30,188.04,1,32.71666666666667
7,0,34,0,69,0,13,2,1,1,25,196.155,0,71.5
5,0,30,1,18,7,10,3,1,1,30,144.12,0,48.083333333333336
14,0,40,2,85,37,30,3,2,1,30,304.8,0,63.916666666666664
0,0,40,0,0,1,0,2,1,2,25,4.5,1,0.0
1,0,37,0,124,382,43,2,1,1,25,2051.415,0,121.05
0,0,31,0,4,0,5,2,1,2,25,27.855,0,10.25
2,0,36,0,47,0,12,3,1,2,30,71.6,0,29.05
15,0,40,2,129,155,48,3,1,1,30,996.96,0,154.91666666666666
0,0,36,0,15,0,3,3,1,1,30,43.32,0,17.8
0,0,16,0,19,12,9,2,1,1,25,108.855,0,20.0
0,0,31,0,14,0,9,3,1,1,30,106.96,0,44.333333333333336
6,0,38,0,25,8,11,2,1,2,25,108.45,0,26.416666666666668
8,0,42,2,85,12,29,3,1,1,30,235.2,0,76.58333333333333
1,0,41,0,16,10,15,2,1,2,25,88.695,0,15.916666666666666
7,0,23,0,29,14,11,2,1,1,25,116.73,0,19.416666666666668
0,0,34,0,19,0,4,3,1,1,30,55.28,0,22.716666666666665
8,0,35,0,58,0,30,1,1,1,15,224.18,0,66.96666666666667
15,0,18,1,136,67,44,2,2,1,25,577.035,0,99.78333333333333
17,0,33,0,33,27,13,3,1,2,30,152.72,0,18.083333333333332
1,0,35,0,41,36,20,3,1,1,30,202.44,0,23.666666666666668
0,0,38,0,129,388,46,2,1,1,25,2084.04,0,123.05
9,0,43,2,135,401,49,3,1,1,30,1925.12,0,131.55
0,0,36,1,86,211,28,3,1,1,30,1099.84,0,105.16666666666667
13,0,15,0,138,80,40,1,2,1,15,795.905,0,105.55
22,0,41,3,99,47,30,3,1,1,30,383.56,0,79.83333333333333
10,0,37,0,60,0,31,1,1,1,15,227.865,0,68.05
7,0,34,1,79,7,21,3,1,1,30,213.56,0,76.0
13,0,27,0,28,12,7,3,1,2,30,86.92,0,15.75
0,0,33,0,25,0,9,2,1,2,25,94.95,1,34.75
0,0,13,0,12,10,7,2,1,1,25,99.99,0,20.166666666666668
11,0,40,2,34,499,13,3,1,1,30,2140.96,0,59.833333333333336
5,0,36,0,66,7,18,2,1,1,25,225.945,0,70.91666666666667
3,0,35,0,44,38,20,3,1,2,30,220.36,0,27.75
0,0,8,1,40,240,12,3,1,1,30,1129.6,0,70.0
0,0,38,1,0,7,0,5,1,1,55,10.5,0,0.0
6,0,34,0,167,0,40,3,1,1,30,554.4,0,228.21666666666667
5,0,43,1,64,10,34,2,1,1,25,155.565,0,39.88333333333333
8,0,37,0,50,45,22,3,1,2,30,260.8,0,32.833333333333336
5,0,35,0,70,110,38,2,1,1,25,795.285,0,110.05
9,0,38,0,23,37,21,4,1,2,45,131.4,1,25.55
15,0,39,2,82,124,42,2,1,1,25,886.275,0,120.21666666666667
1,0,35,0,12,10,2,4,1,2,45,51.125,1,17.216666666666665
29,0,29,3,242,7,78,2,1,1,25,775.89,0,271.6666666666667
18,0,40,3,171,26,49,4,1,1,45,381.275,0,208.0
0,0,30,0,0,0,0,2,1,2,25,0.0,1,0.0
5,0,36,1,6,7,2,5,1,1,55,15.165,0,5.083333333333333
9,0,37,0,76,23,15,2,1,1,25,321.795,0,79.58333333333333
9,0,32,1,49,45,74,5,1,1,55,95.655,0,30.466666666666665
3,0,34,0,63,69,31,2,1,1,25,596.745,0,104.96666666666667
5,0,38,2,10,11,4,5,1,1,55,26.295,0,10.716666666666667
11,0,39,0,56,345,11,3,1,1,30,1468.56,0,35.96666666666667
3,0,13,0,155,45,23,4,1,1,45,317.075,0,133.8
8,0,35,2,103,21,24,5,1,1,55,139.395,0,118.16666666666667
0,0,29,0,0,0,0,3,1,2,30,0.0,1,0.0
7,0,36,2,112,257,20,3,2,1,30,1299.28,0,111.16666666666667
0,0,32,0,72,168,19,3,1,1,30,915.48,0,100.25
0,0,26,0,0,0,0,4,1,2,45,0.0,0,0.0
14,0,38,0,61,53,22,4,1,2,45,201.025,0,44.666666666666664
9,0,10,0,129,70,39,1,2,1,15,726.88,0,101.45
0,0,35,0,121,377,41,2,1,1,25,2026.08,0,120.05
8,0,16,3,45,31,19,3,2,1,30,239.92,0,47.55
16,0,31,2,40,36,19,2,1,1,25,236.25,0,26.833333333333332
11,0,31,0,29,18,11,2,1,2,25,111.78,0,10.916666666666666
9,0,26,0,27,1,15,2,1,1,25,42.615,0,13.666666666666666
0,1,35,0,4,14,13,2,1,2,25,76.455,1,4.916666666666667
10,0,37,0,59,9,15,3,1,2,30,144.08,0,44.05
0,0,7,0,37,210,8,3,1,1,30,1014.68,0,72.16666666666667
4,0,34,0,38,27,29,3,1,2,30,188.04,1,32.71666666666667
14,0,20,1,177,81,41,5,1,1,55,258.135,0,148.86666666666667
26,0,30,3,243,1,78,2,1,1,25,757.035,0,274.6666666666667
7,0,36,1,75,19,30,2,1,1,25,298.8,0,77.75
16,1,43,0,68,26,24,3,1,2,30,215.64,0,45.38333333333333
17,0,27,0,39,0,11,2,1,2,25,27.405,1,9.5
3,0,23,0,34,183,7,2,2,1,25,880.605,0,20.583333333333332
11,0,32,2,50,211,18,3,2,1,30,918.0,0,30.0
19,0,19,2,146,83,41,2,2,1,25,672.885,0,108.45
6,0,43,1,45,293,19,4,1,1,45,792.625,0,39.333333333333336
0,0,38,0,21,3,8,3,1,1,30,70.56,0,24.05
3,0,35,0,53,343,19,2,1,1,25,1633.995,0,32.63333333333333
2,0,36,0,82,2,28,2,1,1,25,180.0,0,61.96666666666667
0,0,5,0,31,203,6,3,1,1,30,974.24,0,67.08333333333333
11,0,44,1,105,22,18,3,1,1,30,339.32,0,102.96666666666667
23,0,45,4,137,166,51,3,1,1,30,1056.68,0,161.33333333333334
0,0,35,0,54,0,15,2,1,1,25,153.405,0,55.916666666666664
0,0,36,0,0,1,0,2,1,2,25,4.5,1,0.0
10,0,36,1,99,7,10,3,1,1,30,277.68,0,102.38333333333334
6,1,37,0,18,17,4,4,1,2,45,76.4,1,22.3
2,0,31,0,67,91,31,2,1,1,25,697.5,0,105.55
11,0,37,2,120,135,40,3,1,1,30,901.8,0,148.75
10,0,28,2,47,201,11,3,2,1,30,886.88,0,33.75
3,0,34,0,73,20,24,2,1,1,25,246.735,0,56.833333333333336
2,0,40,0,86,10,32,2,1,1,25,214.155,0,61.21666666666667
7,0,40,0,60,360,23,3,1,1,30,1528.32,0,35.8
4,0,8,1,24,1,5,3,1,1,30,80.64,1,31.533333333333335
17,1,39,2,50,21,20,3,1,1,30,220.2,1,55.916666666666664
5,0,26,0,13,23,3,4,1,2,45,84.575,0,17.833333333333332
0,0,25,0,10,46,5,4,1,2,45,131.125,0,10.583333333333334
7,0,21,2,38,67,20,3,1,1,30,354.12,0,35.25
1,0,14,2,38,15,14,3,1,1,30,155.8,0,39.28333333333333
0,0,38,0,0,0,0,2,1,2,25,0.0,0,0.0
14,0,22,5,53,48,25,3,2,1,30,323.64,0,53.96666666666667
11,0,29,1,34,29,17,2,1,1,25,190.755,0,21.75
13,0,38,2,165,19,47,4,1,1,45,356.0,0,202.91666666666666
5,1,35,0,6,7,2,3,1,2,30,40.44,1,5.083333333333333
13,0,39,2,81,115,39,2,1,1,25,837.18,0,117.05
2,0,38,1,26,474,5,3,1,1,30,2013.24,0,48.416666666666664
14,0,38,2,86,116,37,2,1,1,25,860.13,0,123.8
17,0,39,4,91,136,54,2,2,1,25,959.13,0,127.05
5,0,33,1,98,23,25,5,1,1,55,140.595,0,116.25
0,0,36,0,51,0,28,1,1,1,15,107.195,0,31.633333333333333
5,0,37,0,6,7,2,3,1,2,30,40.44,0,5.083333333333333
16,0,38,2,103,24,23,2,1,1,25,379.62,0,98.88333333333334
14,0,40,2,194,189,36,3,1,1,30,1399.96,0,265.0833333333333
3,0,9,1,19,0,7,3,1,1,30,60.28,1,24.8
3,0,10,2,35,16,13,3,1,1,30,169.12,0,43.21666666666667
8,0,36,1,29,16,19,3,1,1,30,198.56,0,55.583333333333336
29,1,34,0,58,24,17,3,1,2,30,164.92,1,27.75
2,0,36,0,66,4,11,2,1,1,25,150.12,0,47.833333333333336
7,0,14,4,49,45,32,3,1,1,30,307.88,0,52.46666666666667
9,0,38,1,188,182,34,2,1,1,25,1529.46,0,260.0
13,0,40,1,102,34,28,2,1,1,25,417.375,0,96.21666666666667
1,0,24,0,36,25,66,4,1,1,45,101.1,0,25.133333333333333
0,0,35,0,0,0,0,3,1,2,30,0.0,1,0.0
5,0,34,1,23,475,4,3,1,1,30,2026.52,0,52.333333333333336
0,0,31,0,1,1,3,4,1,2,45,18.225,1,10.466666666666667
5,0,34,1,6,7,2,5,1,1,55,15.165,0,5.083333333333333
20,0,34,9,97,15,55,4,1,1,45,308.175,0,178.83333333333334
6,1,11,2,24,0,6,3,1,1,30,65.04,1,26.7
5,0,18,1,29,30,14,2,1,1,25,223.605,0,32.333333333333336
4,0,37,0,63,3,31,1,1,1,15,173.855,0,46.63333333333333
3,0,31,0,54,0,32,1,1,1,15,217.085,0,64.88333333333334
13,0,30,0,33,21,12,2,1,2,25,135.585,0,14.666666666666666
5,0,13,0,164,57,35,4,1,1,45,357.525,0,140.61666666666667
19,0,42,3,106,43,30,3,1,1,30,424.36,0,103.38333333333334
2,0,38,0,38,276,15,3,1,1,30,1192.32,0,36.166666666666664
2,0,38,0,85,0,15,2,1,1,25,243.135,0,88.63333333333334
0,0,38,0,6,32,4,2,1,2,25,149.445,1,1.9166666666666667
0,0,36,0,8,6,6,2,1,2,25,45.585,0,6.75
16,0,39,4,170,39,64,4,1,1,45,411.0,0,206.16666666666666
30,0,38,0,61,34,24,3,1,2,30,196.04,1,24.0
6,0,37,0,49,36,19,3,1,2,30,217.16,0,29.666666666666668
16,0,39,1,77,9,35,1,1,1,15,323.675,0,81.8
0,0,39,0,16,17,11,2,1,2,25,103.545,0,9.75
14,0,45,2,181,15,47,3,1,1,30,630.36,0,234.63333333333333
0,0,23,0,27,0,62,4,1,1,45,29.375,0,19.133333333333333
0,0,28,0,14,0,8,3,1,1,30,98.76,0,40.916666666666664
8,0,31,2,69,25,29,3,1,1,30,247.16,0,60.166666666666664
3,0,32,0,46,341,17,2,1,1,25,1625.13,0,32.8
2,0,34,0,104,112,41,3,1,1,30,776.16,0,135.0
5,0,39,0,8,9,4,3,1,2,30,58.84,0,9.383333333333333
3,0,24,0,66,9,21,3,1,1,30,183.84,0,60.5
0,0,15,0,18,17,9,2,1,1,25,145.485,0,25.25
30,0,40,4,231,61,34,3,1,1,30,871.04,0,257.4166666666667
10,0,44,2,47,302,24,4,1,1,45,824.8,0,45.75
3,1,8,0,13,0,3,2,1,1,25,62.37,1,22.883333333333333
7,0,40,0,20,20,10,3,1,2,30,121.4,0,16.916666666666668
0,0,40,1,8,12,6,5,1,1,55,22.515,0,4.883333333333334
11,0,40,1,46,301,23,3,1,1,30,1320.04,0,47.583333333333336
16,0,30,7,83,0,36,4,1,1,45,256.45,0,169.58333333333334
10,0,42,2,81,116,38,2,1,1,25,827.955,0,111.96666666666667
32,0,38,5,250,15,83,2,2,1,25,815.85,0,273.0
0,0,25,0,0,0,0,4,1,2,45,0.0,0,0.0
5,0,33,0,77,0,24,3,1,1,30,183.68,0,75.25
1,0,6,1,11,0,2,3,1,1,30,52.76,1,21.8
5,0,6,1,40,214,11,3,1,1,30,1045.4,0,78.25
10,0,41,1,184,160,34,2,1,1,25,1428.705,0,259.4166666666667
15,0,35,7,82,0,42,4,1,1,45,245.175,0,162.08333333333334
0,0,35,0,2,0,2,2,1,2,25,13.14,0,4.833333333333333
15,0,40,2,72,398,30,3,1,1,30,1709.8,0,47.88333333333333
34,1,36,0,64,31,19,3,2,2,30,205.36,1,32.833333333333336
11,1,38,0,55,17,20,3,1,2,30,167.32,0,40.46666666666667
5,0,35,0,45,47,23,3,1,2,30,264.0,0,30.916666666666668
2,0,36,0,43,154,8,2,1,1,25,793.035,0,36.333333333333336
7,0,12,3,52,254,16,3,1,1,30,1210.48,0,80.16666666666667
11,0,40,0,30,41,25,3,1,2,30,229.8,0,26.916666666666668
21,0,40,3,221,57,34,3,1,1,30,833.44,0,248.58333333333334
17,0,27,1,39,35,18,2,1,1,25,236.655,0,28.666666666666668
11,1,36,0,45,43,34,3,1,2,30,272.12,1,40.96666666666667
0,0,22,0,0,9,0,4,1,2,45,22.5,0,0.0
7,0,30,0,90,9,18,2,1,1,25,289.035,1,90.55
0,0,38,0,20,32,15,2,1,2,25,189.45,0,16.5
6,0,31,1,45,38,69,5,1,1,55,81.195,0,26.133333333333333
0,1,34,0,28,6,14,3,1,2,30,79.64,1,22.716666666666665
12,0,39,2,160,18,49,4,1,1,45,343.25,0,196.16666666666666
7,0,29,2,39,198,13,3,2,1,30,848.56,0,22.916666666666668
0,0,36,0,0,0,0,3,1,1,30,0.0,1,0.0
0,0,19,0,27,15,65,4,1,1,45,69.75,0,21.05
0,0,24,0,23,2,51,4,1,1,45,22.15,0,11.05
9,0,31,0,37,7,12,3,1,2,30,150.88,1,50.583333333333336
18,0,45,3,94,47,31,3,1,1,30,354.96,0,68.0
21,0,20,3,153,124,48,2,2,1,25,871.47,0,113.55
26,0,35,4,240,10,84,2,1,1,25,782.775,0,269.25
11,1,36,1,95,24,24,2,1,1,25,363.06,1,92.88333333333334
0,0,31,0,46,0,30,1,1,1,15,117.37,0,34.8
2,0,42,0,20,8,12,2,1,2,25,76.275,0,14.583333333333334
20,0,15,1,145,82,40,2,2,1,25,673.335,0,110.3
17,0,44,3,90,49,34,3,1,1,30,366.0,0,69.33333333333333
0,0,34,0,6,0,6,2,1,2,25,31.545,0,11.583333333333334
22,0,18,2,152,93,42,2,2,1,25,744.93,0,118.36666666666666
9,0,39,3,105,31,28,5,1,1,55,155.625,0,119.5
5,0,39,0,6,7,2,2,1,2,25,45.495,1,5.083333333333333
7,0,19,0,26,7,12,2,1,1,25,117.495,0,31.416666666666668
10,0,39,1,98,27,23,2,1,1,25,373.995,1,91.88333333333334
26,0,39,10,105,40,48,5,2,1,55,224.4,0,180.91666666666666
5,0,26,1,41,194,9,2,2,1,25,952.245,0,28.666666666666668
31,1,32,4,249,8,80,2,1,1,25,802.53,0,279.75
0,0,33,0,118,372,39,2,1,1,25,2000.745,0,119.05
3,0,29,1,63,18,27,3,1,1,30,206.72,0,55.083333333333336
21,1,36,8,93,1,42,5,2,1,55,159.42,0,173.91666666666666
0,0,30,0,0,0,0,3,1,1,30,0.0,0,0.0
24,0,39,3,220,36,34,3,1,1,30,742.2,0,245.58333333333334
7,0,38,0,72,11,13,3,1,1,30,173.88,0,52.916666666666664
0,0,37,2,10,36,6,5,1,1,55,60.945,0,7.55
8,0,33,0,86,0,18,2,1,1,25,246.78,1,89.96666666666667
0,1,8,1,19,25,9,3,1,1,30,152.68,1,21.633333333333333
6,0,42,1,35,15,12,4,1,1,45,86.575,0,32.13333333333333
0,0,35,0,65,0,26,2,1,1,25,127.125,0,46.0
5,0,28,0,35,16,55,4,1,1,45,72.7,0,21.216666666666665
5,0,39,0,73,9,20,2,1,1,25,234.81,0,70.75
0,0,29,0,59,86,29,2,1,1,25,666.54,0,102.55
23,0,36,8,94,10,45,5,1,1,55,175.785,0,177.08333333333334
0,0,34,0,4,0,3,2,1,2,25,14.49,0,5.3
2,0,26,0,11,30,6,4,1,2,45,100.65,0,16.916666666666668
0,0,35,0,22,253,16,3,1,1,30,1066.68,0,22.416666666666668
18,1,37,0,57,37,33,3,1,2,30,306.08,1,64.91666666666667
1,0,24,0,34,32,69,4,1,1,45,117.175,0,24.216666666666665
17,0,17,1,177,80,42,5,1,1,55,261.225,0,153.96666666666667
3,0,40,0,165,3,46,3,1,1,30,560.52,0,225.8
0,0,40,0,54,5,35,1,1,1,15,149.71,0,36.13333333333333
7,0,13,0,165,66,38,4,1,1,45,384.825,0,143.8
18,0,29,2,231,0,75,2,1,1,25,711.495,0,259.6666666666667
32,0,39,10,110,16,44,5,1,1,55,197.4,0,190.83333333333334
23,0,22,2,155,103,49,2,2,1,25,779.985,0,114.63333333333334
13,1,33,0,45,7,14,3,1,2,30,158.4,1,53.583333333333336
9,0,20,4,47,41,23,3,1,1,30,283.2,0,48.88333333333333
11,0,39,2,65,214,29,3,1,1,30,986.6,0,53.333333333333336
17,0,16,0,171,48,38,4,1,1,45,352.35,0,152.05
0,0,33,0,37,22,15,3,1,2,30,136.28,0,19.5
15,0,40,1,72,8,37,1,1,1,15,295.625,0,75.05
7,0,39,2,94,41,34,3,1,1,30,333.28,0,68.96666666666667
0,0,3,0,11,0,1,2,1,1,25,50.13,1,18.383333333333333
0,0,3,0,0,0,0,2,1,1,25,0.0,1,0.0
6,0,30,3,112,263,29,2,2,1,25,1503.99,0,116.83333333333333
0,0,28,0,0,0,0,2,1,2,25,0.0,1,0.0
5,0,38,0,166,0,44,3,1,1,30,547.76,0,225.46666666666667
0,0,29,1,32,196,13,2,2,1,25,932.49,0,18.166666666666668
11,0,40,0,17,15,2,3,1,2,30,101.28,1,16.916666666666668
2,0,40,0,91,10,14,2,1,1,25,305.28,0,94.88333333333334
9,0,38,0,18,28,19,3,1,2,30,154.24,1,17.3
5,0,32,0,20,36,9,4,1,2,45,117.625,0,18.083333333333332
16,1,41,0,58,52,38,4,1,2,45,200.275,1,45.88333333333333
0,1,32,0,0,0,0,3,1,2,30,0.0,1,0.0
0,0,20,0,0,4,0,4,1,2,45,10.0,0,0.0
18,0,24,5,61,53,27,4,2,1,45,219.475,0,56.96666666666667
0,0,31,0,0,0,0,5,1,1,55,0.0,0,0.0
7,0,12,2,43,21,15,3,1,1,30,196.64,0,46.21666666666667
0,0,31,0,83,0,9,2,1,1,25,256.32,0,93.55
14,0,39,2,161,27,52,4,1,1,45,370.525,0,199.33333333333334
1,0,37,1,31,32,10,4,1,1,45,125.35,0,29.716666666666665
0,0,16,0,20,21,12,2,1,1,25,157.95,0,23.166666666666668
0,0,36,0,21,476,6,3,1,1,30,2016.44,0,46.5
9,0,30,3,48,232,17,3,2,1,30,999.32,0,28.916666666666668
10,0,16,3,46,40,22,3,1,1,30,283.52,0,50.7
1,0,30,0,63,93,34,2,1,1,25,709.92,0,106.88333333333334
20,0,35,1,213,15,26,2,1,1,25,739.485,0,245.33333333333334
6,0,42,0,10,17,8,3,1,2,30,89.12,1,8.633333333333333
1,0,36,0,64,0,12,2,1,1,25,177.255,0,64.58333333333333
0,0,36,0,33,278,16,3,1,1,30,1195.52,0,34.25
20,0,19,2,180,85,44,5,1,1,55,269.67,0,154.96666666666667
28,0,41,9,107,19,49,5,2,1,55,193.905,0,182.0
7,0,37,3,96,207,41,3,1,1,30,1115.84,0,118.33333333333333
6,0,38,1,149,0,49,4,1,1,45,280.225,0,184.33333333333334
5,0,34,1,29,7,4,4,1,1,45,65.55,0,31.55
18,0,43,3,131,159,49,3,1,1,30,1016.24,0,156.25
11,0,37,2,118,142,43,3,1,1,30,927.52,0,147.83333333333334
7,1,30,0,35,1,15,2,1,2,25,140.625,1,49.833333333333336
6,0,37,2,15,12,2,5,1,1,55,33.945,0,17.466666666666665
5,0,39,0,178,153,32,2,1,1,25,1383.21,0,254.33333333333334
0,0,7,0,13,0,5,2,1,1,25,53.775,1,19.7
5,0,42,0,17,24,10,4,1,2,45,82.625,1,14.8
7,1,9,3,29,21,22,3,1,1,30,168.68,1,34.8
15,0,14,1,169,69,37,5,1,1,55,241.905,0,150.96666666666667
8,0,34,0,92,19,22,2,1,1,25,337.725,1,91.88333333333334
6,0,37,0,13,8,2,3,1,2,30,66.24,1,14.05
0,0,32,0,87,0,6,2,1,1,25,252.9,0,92.21666666666667
13,0,40,4,43,511,25,4,1,1,45,1378.575,0,66.66666666666667
8,0,39,2,107,29,28,5,1,1,55,150.78,0,117.41666666666667
5,0,34,2,32,21,29,3,1,1,30,222.88,0,57.333333333333336
0,0,9,0,30,194,23,3,1,1,30,928.8,0,63.166666666666664
0,0,36,0,0,0,0,4,1,2,45,0.0,1,0.0
0,0,35,0,124,379,41,2,1,1,25,2046.24,0,124.13333333333334
0,0,34,0,5,1,4,2,1,2,25,20.25,0,5.75
0,0,33,0,41,33,18,3,1,2,30,197.84,0,26.75
19,0,35,0,43,19,19,2,1,2,25,120.285,1,12.166666666666666
10,0,32,2,47,47,74,5,1,1,55,100.5,0,32.55
0,1,38,0,3,12,6,4,1,2,45,40.15,1,6.716666666666667
4,0,36,0,50,173,23,2,1,1,25,894.825,0,42.25
10,0,39,1,50,293,18,3,1,1,30,1296.8,0,51.166666666666664
28,0,35,0,53,23,19,3,1,2,30,144.52,1,21.0
4,0,25,0,33,0,64,4,1,1,45,37.15,0,24.216666666666665
13,0,43,2,85,123,43,2,1,1,25,871.335,0,116.3
0,0,31,0,0,0,0,3,1,2,30,0.0,1,0.0
12,0,33,2,77,30,31,4,1,1,45,171.675,0,63.166666666666664
10,0,36,2,63,196,38,2,1,1,25,1036.935,0,56.333333333333336
6,0,25,2,71,29,38,3,1,1,30,271.84,0,63.75
0,0,8,0,29,190,10,3,1,1,30,908.36,0,61.333333333333336
6,1,31,0,84,8,17,2,1,1,25,279.765,1,88.88333333333334
11,0,28,6,77,0,34,4,2,1,45,248.675,0,164.5
6,0,35,0,47,143,19,2,1,1,25,765.54,0,44.416666666666664
3,0,35,0,87,3,26,2,1,1,25,202.95,0,68.71666666666667
1,0,31,1,104,232,27,2,2,1,25,1343.205,0,109.08333333333333
0,0,36,0,81,0,25,2,1,1,25,162.405,0,58.8
5,0,42,0,17,46,10,3,1,2,30,214.2,0,12.3
0,0,23,0,56,10,24,3,1,1,30,166.64,0,51.833333333333336
26,0,37,8,93,7,40,4,1,1,45,285.45,0,177.08333333333334
7,0,31,0,2,0,1,2,1,2,25,2.34,1,0.8333333333333334
7,1,36,0,41,32,31,3,1,1,30,210.56,1,33.71666666666667
0,0,30,0,30,20,13,3,1,2,30,128.4,0,19.666666666666668
1,0,32,0,36,27,15,3,1,2,30,168.84,0,24.75
13,0,36,4,123,287,38,3,2,1,30,1451.32,0,124.33333333333333
8,0,30,2,19,33,7,4,1,1,45,112.725,0,19.833333333333332
0,0,25,0,39,55,70,4,1,1,45,172.925,0,22.966666666666665
9,1,34,0,35,0,12,2,1,2,25,130.95,1,47.916666666666664
0,1,34,0,1,2,2,4,1,2,45,13.1,1,5.383333333333334
1,0,39,0,29,487,11,3,1,1,30,2067.96,0,49.5
8,0,10,1,19,7,5,3,1,1,30,95.88,1,27.966666666666665
0,0,18,0,25,19,11,2,1,1,25,154.35,0,25.083333333333332
0,0,14,0,17,16,10,2,1,1,25,132.615,0,22.166666666666668
4,0,16,1,35,10,4,3,1,1,30,131.52,0,37.55
16,0,34,2,121,143,44,3,1,1,30,953.64,0,157.0
17,0,34,1,102,23,22,2,1,1,25,380.025,0,100.71666666666667
3,0,36,0,171,125,30,2,1,1,25,1235.07,0,246.25
9,0,38,0,54,8,17,3,1,2,30,123.68,0,37.3
5,0,45,0,15,22,10,3,1,2,30,111.72,0,9.633333333333333
2,0,41,0,8,8,3,3,1,2,30,37.64,1,2.216666666666667
6,0,39,2,91,184,25,3,1,1,30,1004.24,0,110.25
11,0,11,0,169,63,36,4,1,1,45,383.05,0,147.55
7,0,38,0,62,363,27,2,1,1,25,1741.05,0,38.8
2,0,38,1,81,168,28,3,1,1,30,919.04,0,101.58333333333333
11,0,11,4,56,243,27,3,2,1,30,1186.04,0,88.25
8,0,20,0,26,11,12,2,1,1,25,105.795,0,20.416666666666668
24,0,33,8,93,0,43,4,1,1,45,270.825,0,179.0
3,0,32,0,91,0,18,4,1,1,45,169.025,0,111.16666666666667
21,0,33,0,46,7,14,2,1,2,25,67.995,1,12.75
27,0,41,3,233,65,37,3,1,1,30,882.12,0,255.33333333333334
0,0,35,0,138,0,30,3,1,1,30,427.92,0,176.0
12,1,37,0,60,66,37,4,1,2,45,230.75,1,42.833333333333336
0,0,36,0,18,3,16,3,1,1,30,117.32,0,43.583333333333336
15,0,37,2,124,146,43,3,1,1,30,963.36,0,156.0
3,0,36,0,26,9,9,3,1,1,30,111.36,0,30.966666666666665
16,0,20,5,54,43,23,3,2,1,30,302.88,0,53.63333333333333
0,0,28,0,12,0,8,3,1,1,30,103.68,0,43.0
1,0,35,0,83,0,6,2,1,1,25,251.145,0,91.63333333333334
13,0,40,1,77,12,19,3,1,1,30,238.08,0,77.91666666666667
5,0,32,1,78,7,24,2,1,1,25,204.345,0,62.71666666666667
5,0,25,0,6,17,2,4,1,2,45,50.275,0,5.083333333333333
8,0,33,1,71,100,33,2,1,1,25,757.53,0,112.71666666666667
1,0,19,0,21,10,16,2,1,1,25,103.995,0,21.5
16,0,30,0,37,49,13,3,1,2,30,242.28,0,18.666666666666668
3,0,8,1,45,216,8,3,1,1,30,1057.6,0,79.91666666666667
11,0,28,0,31,42,11,3,1,2,30,201.84,0,13.583333333333334
19,0,14,1,141,84,43,1,2,1,15,838.09,0,111.61666666666666
3,0,33,1,4,3,3,5,1,1,55,14.205,0,10.716666666666667
11,0,35,0,71,4,18,2,1,1,25,231.57,0,77.91666666666667
15,0,36,6,132,299,50,3,2,1,30,1516.08,0,131.16666666666666
3,0,13,1,33,0,13,3,1,1,30,98.64,0,40.55
7,0,40,1,55,185,27,2,1,1,25,963.675,0,47.666666666666664
0,0,31,0,119,367,37,2,1,1,25,1977.39,0,118.71666666666667
11,0,42,2,38,22,22,4,1,1,45,141.075,0,56.75
5,0,39,0,82,172,13,3,1,1,30,939.48,0,103.41666666666667
4,0,41,1,129,394,47,3,1,1,30,1884.68,0,126.46666666666667
15,0,30,3,53,208,13,3,2,1,30,927.32,0,38.833333333333336
3,0,31,0,174,133,24,2,1,1,25,1285.83,0,251.66666666666666
5,0,8,2,38,211,7,3,1,1,30,1026.12,0,75.25
10,0,42,2,23,25,12,3,1,1,30,143.92,0,17.916666666666668
10,0,23,0,23,0,3,2,1,2,25,28.935,0,10.333333333333334
9,0,39,0,39,260,16,3,1,1,30,1143.56,0,42.5
3,0,32,2,111,273,34,2,2,1,25,1541.745,0,114.16666666666667
7,0,38,0,49,161,10,2,1,1,25,838.53,0,41.416666666666664
0,0,26,0,29,9,53,4,1,1,45,47.425,0,16.133333333333333
0,0,32,0,86,0,22,4,1,1,45,154.025,0,101.25
0,0,36,0,46,42,23,3,1,2,30,231.44,0,25.666666666666668
30,0,44,4,235,69,38,3,1,1,30,901.4,0,256.6666666666667
4,0,31,0,172,135,24,2,1,1,25,1300.365,0,253.75
0,0,36,0,14,25,13,2,1,2,25,143.955,0,11.416666666666666
9,1,36,0,88,5,9,2,1,1,25,261.27,1,86.96666666666667
0,0,35,0,147,0,42,3,1,1,30,444.68,0,182.83333333333334
12,0,40,3,166,50,53,4,1,1,45,426.275,0,198.08333333333334
11,0,36,2,73,104,34,2,1,1,25,779.22,0,114.05
13,0,41,1,90,43,33,3,1,1,30,333.8,0,65.91666666666667
5,1,38,0,13,16,6,4,1,2,45,63.65,1,15.55
8,0,40,0,165,7,31,3,1,1,30,573.72,0,224.63333333333333
7,0,35,0,55,361,25,2,1,1,25,1732.185,0,38.96666666666667
0,1,10,0,21,4,10,2,1,1,25,80.28,1,22.716666666666665
15,0,41,2,104,34,25,3,1,1,30,372.88,0,96.96666666666667
9,0,33,2,46,208,17,3,2,1,30,896.84,0,26.25
0,0,12,1,40,216,9,3,1,1,30,1029.0,0,68.08333333333333
0,0,35,0,11,0,9,2,1,2,25,37.17,0,13.583333333333334
0,0,15,0,9,0,12,2,1,1,25,31.005,0,11.333333333333334
0,0,6,1,32,204,5,3,1,1,30,985.68,0,70.16666666666667
0,0,28,0,6,24,5,4,1,2,45,75.15,0,10.0
9,1,36,0,47,41,20,3,1,2,30,290.08,1,51.75
4,1,32,0,29,0,10,2,1,2,25,116.955,1,42.833333333333336
4,0,32,1,102,15,20,4,1,1,45,219.8,0,119.83333333333333
22,1,40,9,95,11,46,5,1,1,55,175.65,0,175.25
7,0,38,0,169,0,44,3,1,1,30,557.68,0,229.55
7,0,39,1,175,32,48,3,1,1,30,690.52,0,231.46666666666667
0,0,37,0,0,0,0,3,1,2,30,0.0,1,0.0
0,0,21,0,4,13,2,4,1,2,45,53.225,0,13.75
1,0,36,0,50,0,18,1,1,1,15,183.865,0,54.88333333333333
6,0,40,0,57,183,27,2,1,1,25,949.14,0,45.583333333333336
0,0,19,0,4,6,2,4,1,2,45,28.1,0,8.666666666666666
18,0,46,2,87,27,25,3,1,1,30,308.88,0,82.25
0,0,34,0,2,11,5,4,1,2,45,40.375,1,8.55
0,1,34,0,0,0,0,3,1,2,30,0.0,1,0.0
10,0,36,2,86,46,41,3,1,1,30,350.24,0,67.83333333333333
0,0,35,0,0,0,0,5,1,1,55,0.0,0,0.0
6,0,40,1,61,7,35,2,1,1,25,144.63,0,40.88333333333333
12,0,40,3,74,30,50,2,1,1,25,286.74,0,54.96666666666667
3,0,36,0,90,9,13,2,1,1,25,305.685,0,96.71666666666667
16,0,42,2,80,17,21,3,1,1,30,260.6,0,78.91666666666667
11,0,29,2,43,209,16,3,2,1,30,910.12,0,30.166666666666668
9,0,33,0,53,174,24,2,1,1,25,924.21,0,51.416666666666664
4,0,24,0,21,0,13,2,1,1,25,24.12,0,8.583333333333334
11,0,38,3,98,30,45,3,1,1,30,308.84,0,77.05
3,0,39,1,28,8,15,3,1,1,30,146.72,0,47.333333333333336
5,0,33,1,20,7,11,3,1,1,30,147.4,0,49.416666666666664
9,0,40,1,100,5,11,3,1,1,30,265.32,0,100.55
21,1,30,0,39,5,12,2,1,2,25,59.13,1,12.916666666666666
13,0,19,5,57,70,25,4,1,1,45,258.25,0,54.55
0,0,33,0,44,0,26,1,1,1,15,107.36,0,31.8
11,0,37,0,53,150,21,2,1,1,25,811.035,0,49.5
10,0,29,0,36,27,17,2,1,1,25,176.22,0,19.666666666666668
5,0,24,0,32,44,15,2,1,1,25,246.015,0,17.25
0,0,6,0,2,0,5,2,1,1,25,21.33,1,7.866666666666666
2,0,33,0,51,347,20,2,1,1,25,1657.755,0,34.8
3,0,39,0,48,46,24,3,1,2,30,250.72,0,27.0
12,0,44,2,93,17,31,3,1,1,30,262.72,0,79.58333333333333
7,0,28,0,32,20,12,2,1,1,25,132.84,0,15.333333333333334
15,0,37,2,122,153,46,3,1,1,30,989.08,0,155.08333333333334
11,0,31,1,53,48,75,5,1,1,55,103.59,0,34.21666666666667
20,0,45,2,76,381,32,3,1,1,30,1647.76,0,50.3
15,0,40,1,78,21,22,3,1,1,30,281.72,0,81.08333333333333
24,1,38,9,96,6,44,5,2,1,55,167.865,0,174.91666666666666
0,0,34,0,1,2,2,4,1,2,45,13.1,1,5.383333333333334
8,0,15,0,161,52,25,4,1,1,45,342.35,0,138.88333333333333
36,0,34,5,255,15,82,2,2,1,25,848.025,0,284.8333333333333
6,0,39,0,164,0,46,3,1,1,30,541.28,0,222.8
3,0,28,0,82,4,16,2,1,1,25,258.075,1,87.55
10,0,16,3,31,15,10,3,1,1,30,132.92,1,29.866666666666667
5,0,43,0,10,15,6,2,1,2,25,79.65,1,4.333333333333333
11,0,18,4,48,36,21,3,1,1,30,262.44,0,48.55
0,0,35,0,14,0,6,3,1,1,30,38.88,0,15.966666666666667
6,0,38,0,11,8,2,2,1,2,25,68.445,1,11.833333333333334
7,1,31,0,38,26,30,3,1,2,30,196.24,1,37.8
18,0,38,2,121,119,41,3,1,1,30,853.04,0,155.08333333333334
6,0,32,2,95,10,19,5,1,1,55,120.075,0,115.16666666666667
0,0,35,0,46,0,27,1,1,1,15,111.045,0,32.88333333333333
4,0,13,2,21,10,11,3,1,1,30,103.56,1,26.133333333333333
0,1,36,0,7,9,4,4,1,2,45,38.375,1,10.466666666666667
5,0,40,1,94,197,31,3,1,1,30,1058.96,0,111.33333333333333
8,0,37,3,124,282,38,2,2,1,25,1596.105,0,119.08333333333333
13,1,35,0,51,30,31,3,1,2,30,265.64,1,59.833333333333336
0,0,34,2,8,18,15,5,1,1,55,36.615,0,10.55
10,0,40,2,121,145,42,3,1,1,30,937.24,0,146.83333333333334
19,0,40,3,82,29,52,1,1,1,15,444.675,0,85.05
0,0,34,0,0,0,0,4,1,1,45,0.0,0,0.0
13,0,43,2,65,190,26,3,1,1,30,886.0,0,51.416666666666664
0,0,24,0,4,14,1,4,1,2,45,48.1,0,8.666666666666666
9,0,18,0,171,74,39,5,1,1,55,242.97,0,143.78333333333333
15,1,41,0,49,26,22,3,1,2,30,240.96,1,56.25
7,0,35,0,38,7,16,3,1,1,30,139.32,1,45.75
2,0,35,0,71,0,19,3,1,1,30,166.64,0,68.25
25,0,37,2,219,22,28,3,1,1,30,697.76,0,250.41666666666666
7,0,35,0,87,1,24,2,1,1,25,238.275,1,85.13333333333334
10,0,42,0,56,53,23,4,1,2,45,183.15,0,32.833333333333336
0,0,31,0,76,171,20,3,1,1,30,936.64,0,104.0
17,0,16,1,146,86,40,1,2,1,15,854.865,0,113.28333333333333
5,0,40,0,54,7,20,2,1,1,25,128.34,0,34.96666666666667
9,0,16,3,52,230,13,3,1,1,30,1109.88,0,78.25
24,0,27,2,236,0,76,2,1,1,25,730.395,0,266.5833333333333
0,0,31,0,35,26,16,3,1,2,30,157.4,0,21.666666666666668
12,0,40,1,57,13,19,3,1,1,30,146.2,0,38.3
0,0,17,0,26,53,16,2,1,1,25,307.395,0,25.083333333333332
9,0,28,1,36,168,9,2,2,1,25,825.345,0,25.083333333333332
0,0,33,0,155,0,37,3,1,1,30,537.72,0,221.46666666666667
0,0,32,0,15,0,9,3,1,1,30,94.4,0,39.083333333333336
0,0,33,0,8,0,4,3,1,1,30,26.44,0,10.883333333333333
10,0,39,1,134,400,48,3,1,1,30,1925.48,0,133.38333333333333
20,0,29,2,232,0,78,2,1,1,25,720.09,0,262.8333333333333
18,0,38,0,60,62,48,4,1,2,45,235.825,1,52.88333333333333
15,0,36,1,99,35,27,2,1,1,25,432.315,1,100.13333333333334
4,0,42,1,31,491,12,3,1,1,30,2087.24,0,50.833333333333336
5,0,41,0,71,6,16,3,1,1,30,189.44,0,67.75
0,0,34,0,37,147,6,2,1,1,25,747.54,0,31.25
8,0,39,0,61,186,28,2,1,1,25,972.945,0,49.333333333333336
4,0,26,0,20,42,18,4,1,2,45,141.125,0,23.75
6,0,34,0,91,10,19,2,1,1,25,288.63,1,88.71666666666667
4,0,39,0,15,28,19,3,1,2,30,149.32,0,15.3
6,0,39,0,44,35,30,3,1,2,30,220.28,1,32.71666666666667
0,0,27,0,16,53,7,4,1,2,45,156.4,0,15.666666666666666
8,1,36,0,36,0,18,3,1,2,30,104.84,1,43.083333333333336
0,0,26,1,36,218,13,2,2,1,25,1033.245,0,18.75
4,0,35,0,42,0,11,3,1,2,30,74.4,0,30.3
0,0,34,0,0,0,0,2,1,2,25,0.0,1,0.0
0,0,38,0,4,0,1,2,1,2,25,5.13,0,1.8333333333333333
0,0,38,0,9,0,13,2,1,2,25,21.555,0,7.833333333333333
6,0,6,1,19,0,8,3,1,1,30,72.44,1,29.866666666666667
4,0,9,1,41,224,13,3,1,1,30,1080.84,0,76.33333333333333
10,0,40,3,109,29,25,5,1,1,55,151.485,0,118.16666666666667
13,0,40,3,55,313,35,4,1,1,45,865.5,0,54.416666666666664
0,0,36,0,4,7,4,4,1,1,45,27.175,1,6.383333333333334
7,0,41,2,18,22,9,5,1,1,55,45.615,0,13.716666666666667
7,0,31,1,71,23,29,3,1,1,30,234.24,0,58.083333333333336
8,0,40,2,139,423,49,3,1,1,30,2014.68,0,132.13333333333333
5,0,34,0,48,320,18,2,1,1,25,1533.645,0,33.88333333333333
14,0,38,0,94,12,11,2,1,1,25,306.765,1,92.05
11,0,40,1,74,10,19,3,1,1,30,220.16,0,73.83333333333333
19,0,17,1,178,89,45,5,1,1,55,277.575,0,157.11666666666667
5,0,36,0,12,7,8,2,1,2,25,77.04,0,16.666666666666668
5,0,37,0,12,9,5,3,1,2,30,69.88,0,13.916666666666666
18,0,43,2,96,50,35,3,1,1,30,374.24,0,71.0
5,0,38,2,103,22,23,5,1,1,55,136.32,0,113.08333333333333
7,0,37,0,82,7,26,2,1,1,25,211.05,0,65.13333333333334
9,0,36,0,176,118,26,2,1,1,25,1230.57,0,256.1666666666667
7,0,38,0,9,16,7,3,1,2,30,89.48,1,10.466666666666667
6,0,37,1,72,106,37,2,1,1,25,771.525,0,107.88333333333334
14,0,35,1,64,356,22,3,1,1,30,1533.68,0,44.63333333333333
16,0,29,0,222,0,63,2,1,1,25,692.64,0,252.83333333333334
7,0,37,0,163,0,40,3,1,1,30,552.84,0,227.63333333333333
6,0,24,0,13,0,1,2,1,2,25,13.185,0,4.666666666666667
7,0,38,0,53,0,14,3,1,2,30,84.04,0,34.13333333333333
3,0,35,2,118,275,36,2,2,1,25,1550.61,0,114.0
9,0,36,0,55,46,20,3,1,2,30,281.2,0,39.583333333333336
17,0,44,2,72,374,27,3,1,1,30,1609.2,0,45.96666666666667
9,0,40,0,67,7,4,3,1,1,30,193.68,0,67.91666666666667
15,0,42,3,92,14,29,4,1,1,45,159.3,0,81.33333333333333
19,0,41,2,88,37,19,3,1,1,30,366.92,0,89.75
0,0,34,0,110,352,41,2,1,1,25,1881.135,0,108.21666666666667
0,0,23,0,54,0,18,3,1,1,30,111.36,0,45.5
0,0,42,0,5,8,3,3,1,2,30,32.72,0,0.21666666666666667
19,0,33,8,85,0,37,5,1,1,55,155.1,0,170.91666666666666
12,0,14,3,49,28,17,3,1,1,30,237.08,0,51.3
0,0,29,0,8,0,7,3,1,1,30,94.52,0,39.25
2,0,35,0,148,4,45,3,1,1,30,468.32,0,186.0
5,0,20,1,22,14,2,2,1,1,25,126.99,0,23.333333333333332
16,1,38,0,51,50,36,4,1,2,45,195.35,1,46.05
7,0,40,1,78,35,30,3,1,1,30,285.12,0,59.166666666666664
1,0,32,0,121,376,42,2,1,1,25,2035.305,0,125.13333333333334
6,0,9,3,50,236,25,3,1,1,30,1145.6,0,83.16666666666667
26,0,38,9,99,8,44,5,2,1,55,174.585,0,179.0
7,0,40,1,91,7,17,3,1,1,30,256.56,0,93.71666666666667
7,0,36,0,63,0,33,1,1,1,15,231.055,0,68.96666666666667
0,0,35,0,42,150,23,2,1,1,25,770.04,0,34.5
13,0,29,4,52,221,28,3,2,1,30,974.88,0,37.0
4,0,34,3,115,262,30,2,2,1,25,1489.05,0,112.91666666666667
0,0,33,0,0,0,0,2,1,2,25,0.0,0,0.0
0,0,33,0,22,25,16,3,1,1,30,206.88,0,44.166666666666664
11,0,24,0,37,20,11,2,1,1,25,165.015,0,27.166666666666668
0,0,12,0,16,13,8,2,1,1,25,123.795,0,23.916666666666668
0,0,34,0,18,0,1,3,1,1,30,47.64,0,19.55
1,0,40,0,4,10,6,3,1,2,30,48.68,1,3.55
15,0,44,1,76,16,41,1,1,1,15,337.37,0,74.3
10,0,34,0,26,43,11,4,1,2,45,142.9,0,23.166666666666668
0,0,36,1,97,15,21,5,1,1,55,121.155,0,108.0
0,0,33,0,0,0,0,4,1,2,45,0.0,1,0.0
14,0,40,1,176,16,49,3,1,1,30,641.76,0,237.8
0,0,36,0,127,409,45,3,1,1,30,1933.8,0,121.96666666666667
5,0,32,1,26,7,12,3,1,1,30,151.64,0,51.083333333333336
14,0,46,2,55,307,26,4,1,1,45,842.0,0,48.75
0,0,30,0,42,0,25,1,1,1,15,102.85,0,30.466666666666665
5,1,32,0,89,14,20,2,1,1,25,312.39,1,90.88333333333334
11,0,36,0,65,360,22,2,1,1,25,1751.535,0,47.63333333333333
27,0,20,3,158,100,44,2,2,1,25,790.425,0,123.45
16,0,34,7,87,0,40,4,1,1,45,255.425,0,168.83333333333334
18,0,37,1,98,7,22,2,1,1,25,306.27,1,100.13333333333334
8,0,41,2,23,12,15,2,1,1,25,110.835,0,20.666666666666668
0,0,33,0,77,174,22,3,1,1,30,944.48,0,102.25
10,0,38,1,66,391,28,3,1,1,30,1669.36,0,42.8
15,1,44,0,62,25,23,3,1,2,30,207.4,0,43.71666666666667
7,0,42,0,28,18,18,2,1,2,25,143.46,0,22.666666666666668
7,0,33,0,48,35,18,3,1,2,30,217.52,0,31.5
10,0,36,0,54,327,20,2,1,1,25,1579.14,0,38.96666666666667
0,0,34,0,20,2,7,3,1,1,30,70.92,0,25.883333333333333
0,0,21,0,25,12,61,4,1,1,45,57.7,0,18.05
8,0,36,1,31,480,6,3,1,1,30,2054.04,0,55.333333333333336
9,0,33,0,58,349,20,2,1,1,25,1679.895,0,39.55
5,0,38,1,82,0,22,3,1,1,30,176.28,0,72.08333333333333
3,0,39,1,64,34,37,2,1,1,25,268.74,0,41.8
13,0,39,1,65,357,23,3,1,1,30,1533.32,0,42.8
22,0,38,7,89,7,29,5,1,1,55,163.935,0,169.0
11,0,38,3,93,23,40,3,1,1,30,300.32,0,85.25
10,0,43,1,72,20,40,2,1,1,25,222.75,0,47.96666666666667
0,0,32,0,4,0,2,2,1,2,25,20.43,0,7.5
5,0,35,0,6,7,2,2,1,2,25,45.495,0,5.083333333333333
0,0,42,0,0,8,0,2,1,2,25,36.0,1,0.0
10,0,13,3,49,227,14,3,1,1,30,1100.16,0,79.25
7,0,24,1,36,192,12,2,2,1,25,938.52,0,27.0
16,0,44,2,194,165,33,3,1,1,30,1299.36,0,263.1666666666667
13,0,17,3,35,22,15,3,1,1,30,171.52,1,34.21666666666667
7,0,26,2,34,189,8,3,2,1,30,814.96,0,24.0
5,0,35,1,75,0,20,3,1,1,30,176.4,0,72.25
5,0,41,0,11,14,6,3,1,2,30,81.36,0,10.383333333333333
0,0,6,0,28,176,4,2,1,1,25,971.91,0,66.16666666666667
2,0,7,0,155,51,32,4,1,1,45,340.575,0,139.46666666666667
4,0,41,1,83,3,24,3,1,1,30,183.72,0,70.16666666666667
0,0,39,1,82,189,28,3,1,1,30,1010.28,0,104.58333333333333
8,0,40,0,79,7,12,3,1,1,30,199.96,0,70.33333333333333
5,0,40,0,12,39,6,3,1,2,30,173.28,1,7.0
19,0,33,0,37,0,2,2,1,2,25,17.64,1,5.916666666666667
10,0,42,0,70,9,39,1,1,1,15,281.765,0,69.21666666666667
12,1,40,0,59,6,16,3,1,2,30,120.48,0,39.21666666666667
16,0,40,4,99,30,42,3,1,1,30,340.76,0,90.33333333333333
1,0,37,1,83,184,26,3,1,1,30,989.52,0,104.25
10,0,44,2,139,399,46,3,1,1,30,1914.08,0,130.21666666666667
10,0,40,1,65,18,38,2,1,1,25,213.885,0,48.13333333333333
26,1,35,1,50,21,19,3,1,1,30,126.6,1,16.916666666666668
0,0,37,0,0,0,0,2,1,2,25,0.0,0,0.0
1,0,40,2,6,14,6,5,1,1,55,27.36,0,6.966666666666667
12,0,36,1,180,146,27,2,1,1,25,1367.55,0,260.1666666666667
17,0,18,6,61,59,36,3,2,1,30,388.76,0,62.63333333333333
0,0,37,1,0,0,0,5,1,1,55,0.0,0,0.0
8,0,39,2,92,193,28,3,1,1,30,1047.88,0,113.41666666666667
6,1,38,0,41,10,15,3,1,2,30,149.04,1,44.75
7,0,20,1,32,35,16,3,1,1,30,221.28,0,33.333333333333336
9,0,16,0,173,77,43,4,1,1,45,417.025,0,146.8
8,0,27,3,46,214,26,2,2,1,25,1051.245,0,31.916666666666668
4,1,33,0,35,2,14,2,1,2,25,131.4,1,44.75
15,0,38,0,60,334,22,2,1,1,25,1624.635,0,44.05
2,0,35,1,131,398,56,2,1,1,25,2148.03,0,130.05
0,0,4,0,5,0,4,2,1,1,25,45.36,1,16.716666666666665
0,0,35,0,79,170,21,3,1,1,30,923.36,0,100.08333333333333
14,0,46,3,43,505,16,4,1,1,45,1355.075,0,61.0
13,0,17,0,167,59,27,5,1,1,55,220.575,0,143.96666666666667
5,0,41,0,66,13,38,1,1,1,15,216.645,0,42.88333333333333
8,0,33,0,60,0,34,1,1,1,15,234.19,0,69.96666666666667
14,0,43,3,83,125,43,2,1,1,25,885.87,0,118.38333333333334
35,0,39,5,254,22,88,2,2,1,25,859.23,0,277.3333333333333
0,0,30,0,50,0,27,1,1,1,15,202.565,0,60.55
6,0,40,0,16,15,4,3,1,2,30,101.76,0,17.133333333333333
4,0,36,0,75,16,23,2,1,1,25,222.975,0,54.666666666666664
